TimeStamp,AF3_THETA,AF3_ALPHA,AF3_LOW_BETA,AF3_HIGH_BETA,AF3_GAMMA,T7_THETA,T7_ALPHA,T7_LOW_BETA,T7_HIGH_BETA,T7_GAMMA,Pz_THETA,Pz_ALPHA,Pz_LOW_BETA,Pz_HIGH_BETA,Pz_GAMMA,T8_THETA,T8_ALPHA,T8_LOW_BETA,T8_HIGH_BETA,T8_GAMMA,AF4_THETA,AF4_ALPHA,AF4_LOW_BETA,AF4_HIGH_BETA,AF4_GAMMA,CQ_AF3,CQ_T7,CQ_Pz,CQ_T8,CQ_AF4
1557627176.879393,39.297567,1.682050,0.928032,1.143929,1.246189,1.029946,1.284009,1.555402,0.818834,0.701224,1.844649,2.222535,2.300103,0.695319,0.837086,0.712792,2.828014,1.829572,0.636659,1.201959,18.020514,1.052912,3.079323,1.313222,1.180194,4,4,2,4,4
1557627177.005571,26.371146,1.793472,0.855901,1.118895,1.195620,0.878355,1.278822,1.523726,0.795673,0.716736,1.841534,2.261923,2.194311,0.576774,0.876629,0.770357,2.749553,1.728742,0.560934,1.164305,12.501269,1.043475,3.036543,1.127240,1.195927,4,4,2,4,4
1557627177.131548,14.845676,1.710129,0.845379,1.116876,1.166230,0.704972,1.234501,1.431117,0.765142,0.751280,1.866867,2.243180,1.932751,0.505668,0.870357,0.835476,2.447024,1.524168,0.525869,1.070264,7.698374,1.070788,2.758687,0.974818,1.172176,4,4,2,4,4
1557627177.257526,7.045004,1.472193,0.899825,1.133191,1.155861,0.541496,1.165764,1.270404,0.781295,0.791038,1.961902,2.209625,1.573009,0.493095,0.825561,0.904030,2.015258,1.294884,0.541611,0.959847,4.632794,1.137177,2.313009,0.910732,1.130496,4,4,2,4,4
1557627177.383605,3.197043,1.173440,0.997258,1.141366,1.152118,0.438745,1.087679,1.055703,0.888431,0.825178,2.126162,2.192016,1.200045,0.534181,0.762360,0.969496,1.587266,1.109249,0.599860,0.877436,3.428186,1.259627,1.793161,0.966019,1.103219,4,4,2,4,4
1557627177.509782,1.918283,0.909674,1.094526,1.113919,1.139539,0.438774,1.018113,0.821795,1.096310,0.850546,2.305873,2.189325,0.909910,0.622658,0.705420,1.053917,1.264743,1.005609,0.678101,0.849135,3.393376,1.455560,1.297624,1.137782,1.115457,4,4,2,4,4
1557627177.635860,1.551398,0.742973,1.143625,1.043910,1.111628,0.549918,0.997037,0.632876,1.370518,0.875398,2.405933,2.156596,0.784167,0.750373,0.674898,1.149504,1.074446,0.983872,0.746701,0.868737,3.672104,1.693828,0.904285,1.382455,1.171062,4,4,2,4,4
1557627177.761739,1.368506,0.701957,1.132004,0.948583,1.075095,0.742627,1.090141,0.573527,1.642616,0.916054,2.354346,2.037767,0.841729,0.895965,0.679148,1.276722,0.977088,1.008348,0.779774,0.904725,3.854033,1.937670,0.682849,1.625891,1.250370,4,4,2,4,4
1557627177.888017,1.320437,0.724990,1.085665,0.871293,1.047645,0.965850,1.341062,0.703716,1.835561,0.980333,2.119802,1.798550,1.047384,1.025849,0.711050,1.397049,0.903345,1.042094,0.767706,0.924961,3.933748,2.074044,0.678432,1.792001,1.326139,4,4,2,4,4
1557627178.014395,1.371671,0.776466,1.065587,0.857293,1.041259,1.170682,1.723038,1.019438,1.890814,1.058322,1.756186,1.477390,1.326229,1.101499,0.751421,1.489489,0.826541,1.071398,0.718551,0.918301,3.904459,2.051242,0.904214,1.837967,1.379252,4,4,2,4,4
1557627178.140373,1.492367,0.854713,1.119856,0.921368,1.059552,1.330880,2.133055,1.432818,1.797615,1.124170,1.378468,1.172868,1.590009,1.093925,0.777034,1.525896,0.769302,1.106929,0.644276,0.897797,3.769342,1.919588,1.316576,1.768118,1.404341,4,4,2,4,4
1557627178.266453,1.633326,0.970704,1.252400,1.042541,1.097265,1.452559,2.440500,1.822638,1.597003,1.149139,1.109175,0.955160,1.765549,1.004714,0.777034,1.500228,0.747724,1.154484,0.561430,0.887520,3.535229,1.783693,1.820944,1.628488,1.409802,4,4,2,4,4
1557627178.392431,1.743656,1.146862,1.421681,1.176027,1.140232,1.530725,2.539807,2.074896,1.360536,1.117752,1.007313,0.879849,1.830833,0.867419,0.759056,1.405572,0.771538,1.203090,0.493220,0.905299,3.215819,1.747691,2.300330,1.486033,1.411313,4,4,2,4,4
1557627178.518609,1.777905,1.397491,1.564629,1.275899,1.171949,1.551061,2.389895,2.125561,1.157314,1.036005,1.082650,0.972597,1.800644,0.728569,0.739022,1.290596,0.834966,1.231806,0.459000,0.948102,2.855481,1.856191,2.639576,1.397245,1.418337,4,4,2,4,4
1557627178.646190,1.690530,1.705680,1.635339,1.309895,1.176836,1.498327,2.031578,1.972621,1.015882,0.923978,1.279729,1.210429,1.707902,0.621081,0.730330,1.167680,0.912901,1.214976,0.462243,0.993872,2.507400,2.060462,2.751527,1.370544,1.426886,4,4,2,4,4
1557627178.773772,1.485497,2.046117,1.606563,1.264421,1.144430,1.368687,1.577217,1.678476,0.922804,0.806162,1.479635,1.520179,1.578401,0.553321,0.737403,1.052810,0.973502,1.128586,0.490621,1.015072,2.178606,2.245812,2.611395,1.367769,1.424077,4,4,2,4,4
1557627178.901354,1.209369,2.383519,1.494583,1.156517,1.080645,1.174266,1.155308,1.329004,0.844643,0.703295,1.585616,1.801582,1.429243,0.512808,0.754118,0.931600,0.995629,0.993167,0.524281,0.994821,1.866295,2.320241,2.290232,1.341609,1.396019,4,4,2,4,4
1557627179.028936,0.937813,2.667327,1.379467,1.020057,1.006833,0.945045,0.856122,1.020687,0.753899,0.628652,1.558499,1.960458,1.280289,0.483947,0.767238,0.791500,0.970851,0.873338,0.547676,0.935007,1.595251,2.231265,1.954354,1.266820,1.335711,4,4,2,4,4
1557627179.156418,0.748636,2.846900,1.366538,0.891956,0.946929,0.725694,0.704416,0.822013,0.640670,0.588500,1.442464,1.962195,1.159784,0.459586,0.765646,0.646685,0.924196,0.855319,0.556271,0.851968,1.412127,1.989378,1.797069,1.161335,1.247678,4,4,2,4,4
1557627179.282500,0.683575,2.895344,1.512308,0.804309,0.912041,0.576503,0.669356,0.744902,0.515734,0.586954,1.336057,1.833990,1.091032,0.447090,0.751845,0.522828,0.903761,0.990553,0.560354,0.768635,1.328789,1.680061,1.934440,1.075496,1.151626,4,4,2,4,4
1557627179.408682,0.741003,2.794992,1.780922,0.776220,0.893694,0.544092,0.702644,0.766857,0.413015,0.630749,1.324217,1.642272,1.083909,0.466097,0.745462,0.450746,0.943863,1.267118,0.577987,0.704582,1.331498,1.399189,2.348396,1.055995,1.078124,4,4,2,4,4
1557627179.534764,0.871540,2.534216,2.058777,0.796781,0.872877,0.635415,0.748583,0.848194,0.363917,0.725219,1.446912,1.457130,1.127405,0.523672,0.770847,0.431703,1.038094,1.604756,0.622455,0.665759,1.384003,1.194452,2.873347,1.104779,1.056574,4,4,2,4,4
1557627179.661247,1.040808,2.149008,2.208667,0.847136,0.834239,0.809064,0.766671,0.935623,0.382270,0.863574,1.643973,1.311935,1.185547,0.604562,0.840584,0.451554,1.141770,1.888955,0.687311,0.645540,1.432214,1.055270,3.273813,1.179061,1.098145,4,4,2,4,4
1557627179.786929,1.207943,1.752200,2.148254,0.908720,0.774610,0.984433,0.736236,0.983330,0.454567,1.017898,1.854296,1.188864,1.222124,0.676145,0.945026,0.500769,1.202670,2.032430,0.748207,0.633269,1.455223,0.964773,3.368051,1.226179,1.189271,4,4,2,4,4
1557627179.913211,1.368370,1.497520,1.890976,0.961770,0.707590,1.085607,0.670319,0.964454,0.544230,1.149288,1.976561,1.052485,1.233825,0.707021,1.053633,0.575606,1.189187,2.007085,0.774654,0.621944,1.448138,0.931985,3.114110,1.218910,1.295589,4,4,2,4,4
1557627180.039393,1.522987,1.468277,1.523992,0.995120,0.657069,1.071781,0.606127,0.880600,0.613856,1.223754,1.963122,0.893991,1.258933,0.685810,1.130587,0.686702,1.099164,1.859869,0.748078,0.608547,1.406841,0.950589,2.627478,1.170684,1.375044,4,4,2,4,4
1557627180.165375,1.670238,1.654697,1.205661,1.020158,0.642966,0.966324,0.594586,0.770219,0.648426,1.229830,1.820919,0.753315,1.353223,0.630799,1.154624,0.841577,0.960970,1.693131,0.681045,0.593834,1.341229,1.027350,2.118934,1.131234,1.401131,4,4,2,4,4
1557627180.291458,1.798081,1.994279,1.133212,1.063076,0.665927,0.840198,0.671414,0.693386,0.659885,1.179291,1.624622,0.694449,1.537348,0.582033,1.125812,1.049670,0.824002,1.604019,0.611153,0.578498,1.281311,1.167668,1.787814,1.151602,1.375744,4,4,2,4,4
1557627180.417440,1.953597,2.376787,1.418906,1.145258,0.704758,0.768018,0.838832,0.700992,0.671412,1.095205,1.451152,0.746255,1.771821,0.573511,1.061589,1.276111,0.706717,1.618890,0.573641,0.561458,1.276260,1.338031,1.717108,1.240258,1.324453,4,4,2,4,4
1557627180.543423,2.122137,2.658005,2.004007,1.263944,0.730024,0.786143,1.063320,0.797564,0.698677,1.001112,1.367048,0.883209,1.979911,0.618188,0.983408,1.502484,0.610287,1.687600,0.586180,0.540722,1.418820,1.496633,1.848789,1.351948,1.276374,4,4,2,4,4
1557627180.669505,2.412098,2.741664,2.685161,1.392593,0.721533,0.911781,1.285467,0.942339,0.743629,0.910903,1.388481,1.037452,2.102782,0.699375,0.905456,1.734314,0.547615,1.733783,0.636808,0.515983,1.825743,1.635343,2.058646,1.414570,1.243685,4,4,2,4,4
1557627180.795688,2.729363,2.617725,3.239616,1.496182,0.679290,1.053484,1.451971,1.089173,0.797502,0.826942,1.440487,1.126212,2.156266,0.778556,0.834754,1.924632,0.523707,1.713655,0.695828,0.491906,2.448861,1.767498,2.258334,1.379970,1.219815,4,4,2,4,4
1557627180.921470,3.063379,2.329122,3.513921,1.548325,0.621269,1.180791,1.536422,1.208829,0.844033,0.747322,1.516419,1.100995,2.205327,0.820850,0.774185,2.068918,0.530424,1.618558,0.737218,0.481308,3.199120,1.902041,2.429107,1.253842,1.195239,4,4,2,4,4
1557627181.047853,3.275533,1.964411,3.471347,1.552545,0.572555,1.259383,1.540828,1.282292,0.870640,0.674574,1.578970,0.963484,2.302947,0.811103,0.725937,2.172345,0.568543,1.470365,0.750085,0.499677,3.840760,2.001401,2.585190,1.095741,1.168790,4,4,2,4,4
1557627181.173936,3.261949,1.627557,3.208323,1.534510,0.553923,1.292694,1.529644,1.326062,0.877922,0.621215,1.649803,0.763382,2.445805,0.763457,0.694260,2.265007,0.645679,1.311075,0.743822,0.555806,4.174601,2.047120,2.734103,0.985893,1.145840,4,4,2,4,4
1557627181.300019,2.986091,1.404855,2.909037,1.522395,0.572859,1.327030,1.598344,1.388859,0.875924,0.601653,1.753516,0.569426,2.571946,0.710765,0.679730,2.404556,0.758511,1.181271,0.734613,0.643403,4.111607,2.065312,2.875751,0.990276,1.132063,4,4,2,4,4
1557627181.426201,2.496083,1.366030,2.749209,1.524585,0.621432,1.382909,1.818046,1.508090,0.870434,0.617556,1.874175,0.439394,2.601723,0.683979,0.673553,2.604369,0.935878,1.101097,0.732547,0.739850,3.753037,2.182347,2.999592,1.135802,1.130851,4,4,2,4,4
1557627181.552384,1.995310,1.545549,2.794463,1.525041,0.681494,1.576548,2.170370,1.672939,0.860779,0.656186,2.030545,0.391854,2.489925,0.696829,0.661877,2.848460,1.209899,1.063841,0.743146,0.816587,3.376675,2.561698,3.081443,1.401087,1.138557,4,4,2,4,4
1557627181.678367,1.637627,1.874244,2.962716,1.487893,0.736378,1.900946,2.531537,1.825889,0.843595,0.695547,2.156358,0.405525,2.246871,0.741886,0.634583,3.031288,1.567414,1.046697,0.767463,0.852235,3.223832,3.251157,3.071562,1.720315,1.145597,4,4,2,4,4
1557627181.804350,1.521329,2.209560,3.086777,1.379459,0.778648,2.322931,2.740582,1.895929,0.817237,0.716981,2.223184,0.448002,1.923879,0.798531,0.590241,3.073132,1.974344,1.017775,0.801926,0.840335,3.362579,4.176319,2.924304,2.006345,1.138761,4,4,2,4,4
1557627181.930333,1.588971,2.438615,3.037319,1.192810,0.806875,2.705814,2.696507,1.836731,0.784649,0.712886,2.206615,0.504165,1.585619,0.841542,0.536861,2.901594,2.362585,0.963314,0.839683,0.788775,3.706280,5.144535,2.649778,2.175420,1.106029,4,4,2,4,4
1557627182.056616,1.727716,2.545998,2.808116,0.965735,0.827237,2.975519,2.390771,1.655598,0.758576,0.687976,2.164228,0.570594,1.288571,0.870797,0.490365,2.539230,2.651921,0.895557,0.882943,0.717738,4.078333,5.904005,2.315053,2.194368,1.047078,4,4,2,4,4
1557627182.182499,1.820804,2.613085,2.484186,0.764726,0.853070,3.061922,1.934216,1.402228,0.755602,0.654539,2.166485,0.650694,1.076351,0.914756,0.468251,2.067275,2.798859,0.831895,0.938904,0.654511,4.363551,6.264336,1.994189,2.090122,0.978049,4,4,2,4,4
1557627182.308582,1.899612,2.707232,2.158732,0.649545,0.895889,3.001691,1.478415,1.146710,0.783463,0.625933,2.259753,0.731428,0.945720,0.999182,0.481624,1.648112,2.777283,0.777749,1.013402,0.620493,4.539482,6.142822,1.722412,1.925089,0.926054,4,4,2,4,4
1557627182.434865,1.946514,2.839886,1.901722,0.646229,0.959091,2.822977,1.152319,0.963203,0.836694,0.613072,2.430070,0.793937,0.862941,1.130094,0.530478,1.361062,2.596581,0.732977,1.108707,0.624638,4.708089,5.623414,1.512788,1.767502,0.916023,4,4,2,4,4
1557627182.560648,2.005078,2.939772,1.739112,0.735634,1.031955,2.582142,0.994376,0.879016,0.900286,0.619405,2.535246,0.821611,0.801208,1.283512,0.604928,1.232251,2.294373,0.696393,1.216372,0.663789,4.821669,4.861526,1.360047,1.656326,0.961308,4,4,2,4,4
1557627182.686932,2.045754,2.898433,1.649043,0.864018,1.097151,2.330678,0.955902,0.874945,0.954586,0.641960,2.525159,0.811173,0.749604,1.413135,0.688594,1.191054,1.920493,0.663705,1.315103,0.724237,4.894394,4.025732,1.240900,1.586891,1.055145,4,4,2,4,4
1557627182.813015,2.048556,2.631817,1.573318,0.978766,1.144001,2.051268,0.954517,0.899474,0.986377,0.682272,2.287703,0.776422,0.711683,1.483084,0.761083,1.160788,1.533059,0.626421,1.371991,0.788460,4.840159,3.276822,1.117428,1.527812,1.169486,4,4,2,4,4
1557627182.939198,2.045962,2.168712,1.463091,1.043596,1.175294,1.769265,0.947076,0.899194,0.993454,0.741190,1.902606,0.736565,0.700002,1.477241,0.803998,1.155188,1.193206,0.589690,1.356792,0.842270,4.721750,2.733511,0.985450,1.448840,1.268805,4,4,2,4,4
1557627183.065481,2.198945,1.639301,1.312981,1.050022,1.206706,1.521723,0.937492,0.861994,0.980909,0.811229,1.486669,0.713582,0.731541,1.402368,0.810121,1.283821,0.958874,0.568422,1.260579,0.882127,4.647461,2.440786,0.887185,1.341307,1.331831,4,4,2,4,4
1557627183.191465,3.183352,1.225151,1.161093,1.016188,1.255591,1.387316,0.938667,0.808559,0.965087,0.880375,1.201692,0.724044,0.817006,1.278672,0.788464,1.648647,0.862414,0.568447,1.099190,0.912877,5.032079,2.356171,0.871922,1.219691,1.363621,4,4,2,4,4
1557627183.317448,6.688842,1.090388,1.039805,0.970184,1.324928,1.458677,0.937133,0.764290,0.963567,0.939877,1.165963,0.768404,0.961830,1.132060,0.758747,2.259013,0.904205,0.585409,0.910076,0.940981,6.677389,2.450260,0.976233,1.104776,1.383185,4,4,2,4,4
1557627183.443432,14.540608,1.385229,0.962834,0.932249,1.394625,1.744134,0.920232,0.759012,0.987872,0.991078,1.393803,0.827763,1.147758,0.982853,0.741065,2.991048,1.030071,0.603094,0.741875,0.966141,10.387402,2.686049,1.182647,1.004743,1.401465,4,4,2,4,4
1557627183.569515,27.327366,2.125431,0.919587,0.904538,1.428367,2.169659,0.883545,0.811239,1.038131,1.043386,1.779618,0.876874,1.331301,0.844211,0.744305,3.652112,1.159783,0.612352,0.628609,0.976405,16.337358,3.026613,1.421854,0.913748,1.412827,4,4,2,4,4
1557627183.695599,43.281846,3.162077,0.876597,0.876484,1.396723,2.589941,0.843211,0.909512,1.103007,1.100522,2.144145,0.894441,1.461350,0.722668,0.758884,4.033992,1.239866,0.613446,0.574239,0.956396,23.560374,3.434762,1.592685,0.825022,1.400326,4,4,2,4,4
1557627183.821583,58.302664,4.208000,0.801439,0.842691,1.298803,2.817102,0.824830,1.019760,1.159307,1.153400,2.312034,0.865792,1.503313,0.626802,0.766351,4.016598,1.252099,0.614796,0.567661,0.901148,30.010729,3.858260,1.618357,0.745773,1.354925,4,4,2,4,4
1557627183.947666,68.165204,4.966015,0.701128,0.813032,1.175054,2.770282,0.867441,1.121884,1.182349,1.187135,2.250644,0.812208,1.476324,0.570100,0.761007,3.761140,1.260548,0.635661,0.605377,0.832804,33.736166,4.253333,1.511444,0.699868,1.296381,4,4,2,4,4
1557627184.073750,69.825323,5.195728,0.660334,0.806267,1.090515,2.559940,0.989165,1.265879,1.152418,1.191381,2.109114,0.773254,1.451846,0.552858,0.759261,3.638283,1.330266,0.716924,0.691241,0.796476,33.536118,4.532586,1.394042,0.707246,1.276367,4,4,2,4,4
1557627184.199934,62.827902,4.860207,0.802839,0.839290,1.100595,2.315330,1.167754,1.554027,1.063467,1.165650,2.083082,0.789671,1.541015,0.561882,0.788003,3.989368,1.490748,0.922207,0.820247,0.831291,29.475956,4.584043,1.443050,0.769781,1.349601,4,4,2,4,4
1557627184.326017,49.514369,4.127291,1.222958,0.918509,1.216946,2.262428,1.345782,2.074290,0.944610,1.120298,2.358756,0.884708,1.810042,0.588650,0.864612,4.899911,1.724145,1.306301,0.981434,0.949081,22.971326,4.342652,1.781956,0.873749,1.530367,4,4,2,4,4
1557627184.452201,34.002582,3.291742,1.933327,1.026555,1.401390,2.641235,1.466454,2.834929,0.846403,1.075444,2.974829,1.064539,2.225912,0.631632,0.982981,6.162830,1.994630,1.871681,1.164121,1.123694,16.094596,3.841602,2.402332,0.991972,1.770961,4,4,2,4,4
1557627184.578385,20.776823,2.661136,2.841302,1.145275,1.585083,3.580100,1.507848,3.738347,0.820185,1.050510,3.791842,1.327758,2.666148,0.699105,1.115210,7.334470,2.291918,2.542546,1.351903,1.303348,11.087784,3.229742,3.160145,1.108970,1.981602,4,4,2,4,4
1557627184.704369,11.919794,2.379839,3.766062,1.265352,1.702701,5.056545,1.500473,4.583147,0.882958,1.053340,4.609326,1.642591,2.969592,0.795417,1.221903,8.324391,2.571097,3.167919,1.521991,1.437480,8.623845,2.681502,3.818693,1.211120,2.077644,4,4,2,4,4
1557627184.830453,7.699206,2.390952,4.505652,1.390905,1.720178,6.715996,1.494774,5.130068,1.004318,1.072474,5.194501,1.957250,3.009264,0.907349,1.267417,9.157241,2.769505,3.585790,1.647849,1.505930,8.380508,2.297116,4.169520,1.286417,2.019560,4,4,2,4,4
1557627184.956437,6.401997,2.511999,4.889607,1.520721,1.641729,8.271138,1.540201,5.210117,1.126865,1.087211,5.594773,2.226221,2.753356,1.004693,1.236761,10.072632,2.834468,3.676141,1.703766,1.522111,9.101833,2.119844,4.110119,1.330574,1.824484,4,4,2,4,4
1557627185.082521,6.213416,2.576357,4.825788,1.639450,1.499189,9.094392,1.624879,4.800026,1.204513,1.087294,5.760603,2.415648,2.290123,1.053405,1.139579,11.104658,2.753393,3.410103,1.671379,1.516609,9.676508,2.184152,3.685168,1.349778,1.549452,4,4,2,4,4
1557627185.208605,6.017519,2.587958,4.357890,1.714679,1.330447,9.194162,1.683456,4.032315,1.212856,1.078300,5.903352,2.530651,1.776402,1.032299,0.998699,11.906593,2.571211,2.870031,1.549669,1.512762,9.721630,2.521242,3.071970,1.347919,1.258772,4,4,2,4,4
1557627185.334489,5.583673,2.592222,3.652015,1.710555,1.167206,8.462141,1.680062,3.128699,1.156220,1.072516,5.996618,2.641313,1.363832,0.947376,0.840470,12.248162,2.383154,2.224302,1.355876,1.507064,9.262635,3.102719,2.478757,1.329063,0.998394,4,4,2,4,4
1557627185.460473,4.987410,2.616941,2.882369,1.621399,1.026921,7.425712,1.636746,2.304231,1.065348,1.074059,6.094790,2.841665,1.121711,0.831568,0.685793,11.616309,2.288308,1.634285,1.132108,1.475462,8.660356,3.795176,2.030906,1.305941,0.786722,4,4,2,4,4
1557627185.586658,4.252256,2.716364,2.210306,1.486662,0.916560,6.310828,1.633423,1.704818,0.976964,1.075495,6.071683,3.191285,1.022121,0.724448,0.548074,10.065667,2.356938,1.205336,0.931095,1.394256,7.983761,4.424051,1.732159,1.304218,0.621899,4,4,2,4,4
1557627185.712742,3.447380,2.899328,1.725560,1.372063,0.841234,5.374067,1.742894,1.379951,0.914895,1.067471,5.838993,3.657396,0.981010,0.651921,0.438965,7.793011,2.583218,0.961002,0.808060,1.263529,7.262970,4.838947,1.515335,1.349802,0.500143,4,4,2,4,4
1557627185.839126,2.853495,3.148043,1.452079,1.321810,0.803130,4.605210,2.015376,1.303673,0.875221,1.049018,5.396715,4.120175,0.932659,0.619326,0.369313,5.482851,2.917104,0.864967,0.798637,1.114559,6.554125,4.980899,1.332212,1.446429,0.428903,4,4,2,4,4
1557627185.965410,2.583829,3.406333,1.333381,1.328837,0.796043,3.887471,2.407504,1.389457,0.845516,1.025673,4.793835,4.383824,0.880586,0.620295,0.341285,3.710143,3.237929,0.861343,0.891783,0.996258,5.809215,4.849966,1.164459,1.564057,0.420160,4,4,2,4,4
1557627186.091394,2.602683,3.625830,1.278523,1.340406,0.804871,3.175941,2.816581,1.537665,0.813183,1.002113,4.140446,4.333266,0.855455,0.639557,0.343302,2.618407,3.424811,0.898522,1.039759,0.949535,4.974483,4.510108,1.000646,1.648919,0.472661,4,4,2,4,4
1557627186.217479,2.894408,3.723368,1.208464,1.303316,0.811776,2.478483,3.078324,1.650112,0.775819,0.980706,3.618903,3.944350,0.874181,0.661380,0.362402,3.101374,3.555170,0.960721,1.196853,0.998506,4.263789,4.078347,0.853858,1.649484,0.566789,4,4,2,4,4
1557627186.343463,3.317295,3.628650,1.104575,1.200331,0.807236,2.029212,3.116572,1.670949,0.734699,0.962954,3.394737,3.345824,0.929145,0.674949,0.396770,8.116892,4.945197,1.252887,1.338520,1.149499,3.909407,3.681898,0.743641,1.548104,0.677173,4,4,2,4,4
1557627186.469448,4.245433,3.324012,1.010258,1.066080,0.798386,2.324392,2.928390,1.612857,0.688841,0.948976,3.842340,2.695438,0.997236,0.679450,0.457017,27.189891,10.788389,2.250519,1.508561,1.399185,4.482266,3.354382,0.696622,1.373351,0.787560,4,4,2,4,4
1557627186.595432,5.378047,2.886498,1.016442,0.971828,0.808019,3.369359,2.580126,1.537365,0.644569,0.943581,4.679787,2.128151,1.054479,0.686971,0.554475,71.402536,24.335267,4.470637,1.812867,1.728585,5.705873,3.059365,0.720778,1.183458,0.894004,4,4,2,4,4
1557627186.721417,6.931551,2.501729,1.222054,0.970904,0.861984,5.174596,2.210243,1.531003,0.614850,0.956743,5.840092,1.730409,1.086358,0.718890,0.689109,143.434437,46.029675,7.992908,2.334642,2.096815,7.527432,2.774513,0.830197,1.034573,1.001467,4,4,2,4,4
1557627186.847602,8.052333,2.423156,1.670026,1.058878,0.973024,7.018372,2.014217,1.658662,0.612638,0.995529,6.542173,1.547448,1.112484,0.791618,0.846519,232.292493,72.182662,12.226617,3.041550,2.444051,8.931382,2.581649,1.065703,0.950760,1.118152,4,4,2,4,4
1557627186.973586,8.998960,2.839731,2.315010,1.173322,1.125620,8.685725,2.159382,1.956964,0.648995,1.061439,6.897108,1.574450,1.174177,0.910719,0.999265,313.568816,95.749946,16.047881,3.786555,2.708002,10.018214,2.587975,1.462915,0.925715,1.240747,4,4,2,4,4
1557627187.099771,9.460229,3.631049,3.063237,1.232441,1.274894,9.516697,2.647328,2.399682,0.725644,1.146380,6.426899,1.745632,1.299600,1.059650,1.115675,363.331362,109.107596,18.320100,4.360860,2.842630,10.258747,2.741372,1.997147,0.935409,1.348503,4,4,2,4,4
1557627187.226056,10.407091,4.553039,3.779544,1.190332,1.364966,9.473398,3.304651,2.892439,0.836099,1.230180,5.442679,1.960248,1.467172,1.199212,1.174140,362.761027,107.597473,18.385133,4.575413,2.832409,10.096501,2.929090,2.574387,0.959270,1.412687,4,4,2,4,4
1557627187.351940,12.180917,5.344427,4.363884,1.061775,1.355047,8.823937,3.891234,3.363267,0.962193,1.290988,4.130120,2.144862,1.641406,1.287133,1.170034,314.548546,91.710313,16.350894,4.364144,2.695955,9.514657,3.090109,3.110923,0.987099,1.411747,4,3,2,4,4
1557627187.478125,15.152269,5.773197,4.728130,0.897912,1.241054,7.863547,4.203173,3.740954,1.075711,1.317879,2.907997,2.211589,1.787032,1.294515,1.116105,233.424874,66.850614,13.064300,3.818282,2.475969,8.983987,3.191685,3.561202,1.008963,1.348803,4,3,2,4,4
1557627187.604410,18.795678,5.804380,4.855686,0.756766,1.060622,7.286868,4.186187,3.996665,1.147715,1.319400,2.330122,2.130724,1.883534,1.225997,1.034528,146.560107,40.842000,9.652666,3.129770,2.222325,8.727176,3.277047,3.900831,1.016855,1.259816,4,3,2,4,4
1557627187.730395,22.128651,5.549093,4.752860,0.675925,0.875684,7.092441,3.908004,4.084621,1.158553,1.320555,2.389249,1.922453,1.913033,1.121495,0.950604,75.047716,20.399886,6.977726,2.493192,1.971674,8.819964,3.354356,4.087893,0.999048,1.203996,4,3,2,4,4
1557627187.856480,23.698936,5.191490,4.459562,0.656039,0.749368,7.218512,3.511830,3.959528,1.111398,1.346893,3.014519,1.640518,1.875841,1.031423,0.886271,32.193286,8.316458,5.345824,2.029025,1.736392,8.951964,3.370870,4.099070,0.946087,1.230653,4,4,2,4,4
1557627187.982465,22.808615,4.827636,4.018752,0.670682,0.723929,7.211878,3.132797,3.601996,1.031508,1.406476,3.731800,1.345446,1.778690,0.980791,0.853752,16.415377,3.560310,4.491618,1.781901,1.517678,8.757939,3.235848,3.925727,0.860794,1.345190,4,4,2,4,4
1557627188.108450,19.753452,4.525677,3.494266,0.690559,0.801102,6.739338,2.844127,3.053783,0.953337,1.484026,4.162206,1.093934,1.637854,0.958642,0.857085,19.586839,3.122940,3.959745,1.744206,1.335563,8.168684,2.913546,3.577849,0.766642,1.503172,4,4,2,4,4
1557627188.234435,15.331057,4.279453,2.967727,0.697019,0.941751,5.853982,2.631997,2.420001,0.899405,1.549472,4.148637,0.948069,1.499013,0.928907,0.889273,33.102946,4.509221,3.533548,1.884474,1.226617,7.258660,2.473059,3.109288,0.691414,1.629116,4,4,2,4,4
1557627188.360620,10.752008,4.011145,2.507870,0.683449,1.085152,4.986306,2.431359,1.826335,0.877057,1.574723,3.820742,0.964344,1.443130,0.866938,0.933929,52.998995,7.192148,3.391759,2.183884,1.221537,6.320040,2.072616,2.636239,0.654969,1.654698,4,4,2,4,4
1557627188.486705,7.187019,3.738171,2.165898,0.648754,1.177664,4.325259,2.183403,1.375014,0.878811,1.542721,3.287904,1.169896,1.535093,0.774341,0.969467,78.332171,11.076036,3.701719,2.582412,1.317395,5.644310,1.902716,2.288499,0.661978,1.554064,4,4,2,4,4
1557627188.612690,5.134313,3.525726,1.956711,0.591482,1.196211,3.957043,1.894299,1.096042,0.880257,1.451048,2.753041,1.561580,1.754106,0.671465,0.980730,104.625204,15.608365,4.494206,2.950891,1.471106,5.349129,2.052584,2.136038,0.693676,1.354844,4,4,2,4,4
1557627188.739176,4.409085,3.421102,1.839516,0.516631,1.154577,3.759104,1.610451,0.948318,0.862106,1.315283,2.323245,2.108654,1.984570,0.588866,0.969010,126.446444,19.725216,5.569920,3.142165,1.617064,5.253392,2.449141,2.149212,0.732791,1.124405,4,4,2,4,4
1557627188.865061,4.046723,3.539033,1.823908,0.498157,1.124315,3.452658,1.387478,0.880139,0.824029,1.180547,1.987000,2.797006,2.114311,0.560406,0.975045,136.153397,22.213704,6.649723,3.106619,1.725060,5.148710,2.955906,2.305173,0.811888,0.986533,4,4,2,4,4
1557627188.991246,4.335561,4.182292,2.219760,0.762437,1.306568,3.433672,1.334182,1.055745,0.865339,1.162043,2.113256,3.753462,2.422808,0.688268,1.133492,131.291087,22.481038,7.752960,2.961511,1.906378,5.373556,3.658665,2.970722,1.116842,1.197600,4,4,2,4,4
1557627189.117332,5.788552,5.660117,3.557661,1.593769,1.943450,4.065059,1.571864,1.791621,1.139553,1.392646,3.026586,5.117733,3.481108,1.110088,1.605405,111.841268,20.762749,9.304230,2.969216,2.351978,6.458653,4.851122,4.815223,1.906403,2.026437,4,4,2,4,4
1557627189.243417,9.270353,7.925514,6.171135,3.117634,3.140468,5.809104,2.117038,3.265562,1.737486,1.929097,4.838109,6.808987,5.704207,1.890590,2.445812,84.866800,17.892564,11.713359,3.352236,3.173522,8.608812,6.613693,8.238846,3.298903,3.539701,4,4,2,4,4
1557627189.369503,14.753542,10.535471,9.857066,5.142856,4.751618,8.835595,2.892488,5.308976,2.600721,2.693191,7.609081,8.538884,8.912336,2.935605,3.524796,56.855439,14.887643,14.921433,4.122193,4.283573,11.781390,8.716328,12.904753,5.108089,5.482555,4,4,2,4,4
1557627189.495488,20.529215,12.797063,13.786791,7.186069,6.380290,12.119754,3.750421,7.409875,3.534738,3.479162,10.279814,9.892527,12.302293,3.995965,4.551588,34.899804,12.514204,18.234511,5.037601,5.384435,14.513194,10.641950,17.682070,6.893882,7.332998,4,4,2,4,4
1557627189.621474,25.213190,14.020326,16.774037,8.662392,7.526240,15.035277,4.514313,8.907648,4.282346,4.028209,12.466070,10.468468,14.731724,4.763551,5.194313,21.845878,10.928181,20.509683,5.725548,6.082365,16.256420,11.815121,21.063415,8.146672,8.502738,4,4,2,4,4
1557627189.747459,26.521222,13.782487,17.809965,9.134371,7.810584,16.022149,5.005249,9.298205,4.630864,4.142269,13.007354,10.046101,15.274558,4.995128,5.231811,16.176824,9.811232,20.664372,5.861883,6.082164,15.735740,11.872788,21.846027,8.490017,8.595318,4,4,2,4,4
1557627189.873545,24.363756,12.129435,16.519998,8.511741,7.147442,15.119243,5.122427,8.456417,4.506445,3.772394,12.081890,8.696609,13.655502,4.642521,4.659351,14.431660,8.645710,18.269365,5.328128,5.348151,13.465293,10.802795,19.688127,7.859299,7.597266,4,4,2,4,4
1557627189.999530,19.154667,9.590463,13.399617,7.103928,5.783915,12.256841,4.855057,6.713760,3.996818,3.039922,9.696401,6.814558,10.456466,3.870670,3.685336,12.532915,7.202189,13.905814,4.303946,4.127937,9.822273,9.059025,15.322873,6.521411,5.879544,4,4,2,4,4
1557627190.125716,13.189233,6.875873,9.542258,5.447687,4.184553,8.978370,4.260825,4.651186,3.298347,2.178454,6.939023,4.890303,6.784709,2.975611,2.625439,9.346539,5.786539,8.936089,3.165479,2.821075,6.266293,7.240305,10.204569,4.952209,4.013442,4,4,2,4,4
1557627190.251902,7.902409,4.619011,6.135748,4.045910,2.810844,5.947415,3.494808,2.863181,2.615123,1.421894,4.354235,3.316902,3.744509,2.227462,1.755767,5.817724,4.592621,4.747659,2.259639,1.782059,3.476149,5.801194,5.838993,3.593069,2.505913,4,4,2,4,4
1557627190.378187,4.275177,3.118429,3.917489,3.151792,1.921027,3.815148,2.709584,1.704850,2.081938,0.906271,2.456132,2.224076,1.928230,1.759689,1.207255,3.022788,3.730315,2.130898,1.740923,1.172780,1.696473,4.871760,3.100796,2.675268,1.594863,4,4,2,4,4
1557627190.504173,2.648150,2.316632,2.935803,2.711057,1.500264,2.885795,2.003170,1.191833,1.713246,0.636956,1.407658,1.525710,1.244265,1.540411,0.952554,1.407442,3.142724,1.083863,1.545519,0.932548,0.943654,4.282187,1.995762,2.175123,1.214875,4,4,2,4,4
1557627190.630459,2.067377,1.896050,2.710479,2.473305,1.349056,2.353966,1.423554,1.114021,1.431264,0.532801,0.815385,1.085915,1.193807,1.427537,0.876313,0.572699,2.645826,1.053851,1.480266,0.875776,0.748993,3.724287,1.981534,1.900680,1.139400,4,4,2,4,4
1557627190.756345,1.982217,1.629728,2.674833,2.220853,1.266582,2.338434,1.008770,1.226819,1.172251,0.513825,0.552496,0.803106,1.295649,1.302433,0.880351,0.384133,2.146799,1.433286,1.387224,0.846302,0.724881,3.061628,2.454099,1.687884,1.182282,4,4,2,4,4
1557627190.882431,1.818678,1.484790,2.590161,1.897868,1.181254,2.057581,0.788580,1.430580,0.933457,0.560439,0.425262,0.652288,1.394404,1.151828,0.942657,0.388393,1.705832,1.963075,1.242483,0.809183,0.807737,2.414868,3.118907,1.492126,1.308373,4,4,2,4,4
1557627191.008417,1.711530,1.431636,2.491469,1.550104,1.088908,1.919723,0.742762,1.729225,0.751626,0.669804,0.509104,0.606565,1.530848,1.015337,1.045933,0.558371,1.375454,2.577693,1.092621,0.774794,0.930804,1.918670,3.884860,1.330065,1.512675,4,4,2,4,4
1557627191.134403,1.570564,1.437255,2.370256,1.257717,1.008227,1.573959,0.816145,2.047311,0.672531,0.822248,0.616583,0.629465,1.719956,0.937759,1.153725,0.728150,1.151741,3.127040,0.989652,0.755676,1.139262,1.628447,4.576724,1.239676,1.756632,4,4,2,4,4
1557627191.260489,1.624639,1.498265,2.200615,1.079689,0.971760,1.450562,0.910840,2.277181,0.719870,0.981982,0.840034,0.677491,1.935198,0.934305,1.228598,0.933148,1.011081,3.450430,0.962874,0.760312,1.378083,1.492316,4.987820,1.270035,1.976936,4,4,2,4,4
1557627191.386575,1.698203,1.631739,1.943249,1.027617,0.995534,1.267637,0.963637,2.320639,0.873943,1.106539,0.850269,0.712851,2.107816,0.980262,1.247330,1.006316,0.920866,3.426270,1.006755,0.785161,1.670766,1.437823,4.961893,1.449897,2.104419,4,4,2,4,4
1557627191.512561,1.926143,1.825851,1.613520,1.062413,1.065222,1.179900,0.944227,2.149577,1.075322,1.164844,0.880032,0.706299,2.188068,1.022668,1.209962,1.093839,0.863476,3.048631,1.085466,0.817037,2.025740,1.402854,4.521252,1.738715,2.090539,4,4,2,4,4
1557627191.638747,2.125673,2.050941,1.290912,1.124728,1.146294,1.147161,0.892781,1.841932,1.252181,1.154228,0.746880,0.647273,2.177926,1.020029,1.136050,1.122766,0.840873,2.489658,1.163477,0.842822,2.463515,1.382877,3.890490,2.043556,1.933355,4,4,2,4,4
1557627191.764934,2.287188,2.276190,1.081104,1.168470,1.202344,1.126512,0.894171,1.529492,1.354085,1.098819,0.656136,0.565253,2.143521,0.969628,1.050144,1.218687,0.884074,2.007458,1.218376,0.852750,2.911244,1.443481,3.377294,2.256302,1.677156,4,4,2,4,4
1557627191.890920,2.375356,2.448383,1.061995,1.168713,1.209156,1.188546,1.015902,1.322202,1.369373,1.031339,0.532905,0.519534,2.143026,0.896168,0.968404,1.320353,0.995619,1.818551,1.243789,0.841357,3.327302,1.631735,3.196413,2.301273,1.391030,4,4,2,4,4
1557627192.017406,2.377126,2.506373,1.207664,1.123858,1.156738,1.178155,1.271848,1.255809,1.317581,0.975781,0.489835,0.589929,2.187877,0.829417,0.892674,1.408805,1.146251,1.953565,1.259482,0.807640,3.485065,1.974420,3.345949,2.172934,1.140355,4,4,2,4,4
1557627192.143393,2.356547,2.375102,1.424606,1.051756,1.048554,1.174977,1.581453,1.295508,1.234940,0.938282,0.529709,0.804044,2.225013,0.787520,0.815131,1.425162,1.271047,2.277441,1.292176,0.757565,3.435034,2.397022,3.641405,1.931783,0.963125,4,4,2,4,4
1557627192.269479,2.287952,2.055054,1.600248,0.978124,0.906576,1.077497,1.826561,1.344158,1.148729,0.907504,0.650983,1.143673,2.183327,0.764362,0.730275,1.322966,1.326885,2.561740,1.349487,0.704212,3.152307,2.785827,3.818859,1.663929,0.862256,4,4,2,4,4
1557627192.395365,2.219887,1.617666,1.707268,0.929206,0.770320,0.953214,1.912866,1.337078,1.072323,0.865770,0.838289,1.537911,2.032618,0.745263,0.641013,1.166859,1.332742,2.631915,1.409769,0.659196,2.857214,3.016324,3.695711,1.444151,0.816046,4,4,2,4,4
1557627192.521452,2.148760,1.188280,1.807174,0.919531,0.680556,0.821413,1.819350,1.288263,1.008504,0.804095,1.064721,1.899466,1.810961,0.716349,0.560662,1.026391,1.377429,2.463507,1.435617,0.628115,2.668359,3.012639,3.276524,1.308393,0.799033,4,4,2,4,4
1557627192.647439,2.137332,0.878957,1.961292,0.948446,0.659316,0.767173,1.589579,1.236652,0.953508,0.726402,1.296708,2.154111,1.585585,0.681952,0.506908,0.969844,1.531668,2.131382,1.403194,0.611712,2.766651,2.768488,2.677393,1.265265,0.793856,4,4,2,4,4
1557627192.773625,2.231562,0.757679,2.194183,0.997709,0.700229,0.855234,1.317688,1.223774,0.905662,0.643903,1.499785,2.286999,1.421856,0.661718,0.490043,0.991994,1.824583,1.770407,1.312199,0.611081,3.217256,2.364472,2.094221,1.300956,0.795227,4,4,2,4,4
1557627192.899611,2.449563,0.804256,2.454329,1.036661,0.775397,1.094033,1.083266,1.242337,0.871586,0.571036,1.629849,2.294390,1.325422,0.674774,0.508849,1.042548,2.192299,1.479626,1.186225,0.627900,3.931390,1.884782,1.653119,1.381048,0.806595,4,4,2,4,4
1557627193.025498,2.694131,0.942432,2.650954,1.041909,0.862192,1.426280,0.945392,1.271516,0.866666,0.526597,1.678509,2.198879,1.273761,0.729810,0.551980,1.051700,2.521335,1.328052,1.061454,0.664032,4.685411,1.453245,1.401568,1.463029,0.828143,4,4,2,4,4
1557627193.151785,2.964821,1.073347,2.704416,1.011771,0.952263,1.755016,0.935334,1.317704,0.904153,0.530445,1.670311,2.036135,1.253707,0.821685,0.604772,1.040295,2.692245,1.357804,0.974728,0.718050,5.254104,1.175789,1.312719,1.514706,0.854205,4,4,2,4,4
1557627193.277872,3.012850,1.143465,2.589923,0.967364,1.051210,1.949817,1.055653,1.401126,0.980279,0.598773,1.626395,1.830875,1.277410,0.938199,0.658459,0.945130,2.641654,1.564190,0.951599,0.787413,5.356040,1.080803,1.326853,1.524003,0.882141,4,4,2,4,4
1557627193.404158,2.913661,1.157773,2.351484,0.931138,1.167878,1.974143,1.272753,1.539192,1.066417,0.734388,1.635086,1.612326,1.385482,1.059771,0.709612,0.883379,2.390365,1.919276,0.993385,0.869418,5.069530,1.121289,1.394403,1.486990,0.914164,4,4,2,4,4
1557627193.530145,2.562604,1.182376,2.067862,0.926029,1.306474,1.772457,1.530636,1.718483,1.124228,0.921767,1.648698,1.409290,1.605752,1.161433,0.759712,0.810986,2.027912,2.365983,1.079515,0.962267,4.390929,1.204164,1.498567,1.408574,0.957425,4,4,2,4,4
1557627193.656432,2.188833,1.279062,1.813146,0.967664,1.458213,1.447546,1.746093,1.873080,1.122005,1.128382,1.740870,1.257169,1.902755,1.222535,0.817982,0.845916,1.671880,2.804745,1.180601,1.064272,3.709327,1.245967,1.617816,1.306828,1.024867,4,4,2,4,4
1557627193.782419,1.905662,1.466533,1.626750,1.044664,1.599302,1.078729,1.852905,1.934039,1.051562,1.314677,1.778879,1.179605,2.174211,1.228983,0.892166,0.920189,1.400152,3.090115,1.275892,1.176291,3.176025,1.206136,1.711194,1.204728,1.124373,4,4,2,4,4
1557627193.908406,2.170120,1.704430,1.501344,1.118032,1.700029,0.877796,1.816439,1.867497,0.931946,1.448126,1.851476,1.171480,2.306884,1.173185,0.981459,1.166407,1.219452,3.106298,1.349946,1.307109,3.189861,1.079925,1.740403,1.116517,1.250534,4,4,2,4,4
1557627194.034393,2.960800,1.919390,1.415710,1.142029,1.739592,0.838585,1.650822,1.701761,0.797280,1.514884,1.778771,1.225851,2.242636,1.057528,1.075977,1.448270,1.107575,2.835235,1.382589,1.467188,3.548236,0.912428,1.698145,1.036798,1.386400,4,4,2,4,4
1557627194.160580,4.202036,2.029165,1.353121,1.111043,1.721081,0.982499,1.416796,1.510612,0.689453,1.522474,1.714652,1.348944,2.020335,0.904075,1.167111,1.798841,1.062186,2.361004,1.369469,1.659571,4.197023,0.774754,1.599944,0.959490,1.516528,4,4,2,4,4
1557627194.286467,5.499695,2.014923,1.331126,1.063910,1.661598,1.201613,1.218703,1.368708,0.638875,1.490776,1.676248,1.550571,1.720325,0.744928,1.248118,2.121206,1.075852,1.817325,1.338577,1.865682,4.769621,0.718442,1.467505,0.888378,1.629355,4,4,2,4,4
1557627194.412454,6.471956,2.009192,1.393339,1.063113,1.576793,1.401118,1.203192,1.336701,0.656358,1.439043,1.779486,1.842067,1.424894,0.618964,1.311635,2.344712,1.167248,1.358544,1.349567,2.050745,5.073815,0.790320,1.334306,0.851753,1.712890,4,4,2,4,4
1557627194.538641,6.774319,2.202285,1.590041,1.165287,1.479929,1.488617,1.453622,1.436752,0.730497,1.379584,1.982025,2.239352,1.205222,0.558342,1.347033,2.392022,1.373952,1.122707,1.454303,2.176306,4.955417,1.016863,1.273826,0.883190,1.748624,4,4,2,4,4
1557627194.664728,6.394683,2.704551,1.941934,1.373501,1.384839,1.442971,1.940322,1.653002,0.825642,1.318550,2.282649,2.721546,1.103666,0.563585,1.342003,2.295426,1.708328,1.185567,1.648199,2.215264,4.546593,1.382752,1.375651,0.982290,1.718707,4,4,2,4,4
1557627194.790815,5.466055,3.480439,2.395524,1.625774,1.305531,1.284347,2.543300,1.926784,0.898770,1.258778,2.602562,3.218502,1.112734,0.615396,1.288005,2.092395,2.112367,1.531086,1.868724,2.165420,3.968112,1.821210,1.689705,1.113142,1.617231,4,4,2,4,4
1557627194.917002,4.350374,4.315188,2.822212,1.826806,1.250932,1.053539,3.094114,2.178308,0.928065,1.203164,2.921644,3.621875,1.207541,0.687537,1.188426,1.867154,2.477590,2.064841,2.030119,2.058239,3.395023,2.229772,2.191689,1.225785,1.461449,4,4,2,4,4
1557627195.043190,3.341758,4.943601,3.089362,1.888991,1.218388,0.827037,3.443827,2.345755,0.906520,1.152250,3.170952,3.806627,1.337887,0.752149,1.058400,1.662272,2.698040,2.640630,2.060313,1.934851,2.864035,2.494581,2.792481,1.288411,1.287019,4,4,2,4,4
1557627195.169377,2.716781,5.163679,3.131708,1.788035,1.199080,0.675636,3.513730,2.399040,0.845816,1.104121,3.278016,3.711593,1.454893,0.801565,0.921073,1.528505,2.714326,3.105390,1.949183,1.824211,2.431658,2.558912,3.379190,1.316022,1.131986,4,4,2,4,4
1557627195.295364,2.914100,5.047260,2.998824,1.588743,1.180293,0.665028,3.312363,2.325300,0.774546,1.056351,3.233948,3.382810,1.509933,0.849918,0.797961,1.488484,2.543009,3.344930,1.762544,1.730852,2.198581,2.497727,3.837505,1.368269,1.019452,4,4,2,4,4
1557627195.421452,4.987275,4.860151,2.813265,1.404765,1.157166,0.814413,2.924617,2.143414,0.728541,1.012142,3.057392,2.954437,1.482588,0.918802,0.709655,1.551265,2.251933,3.316779,1.601680,1.643093,2.595217,2.444758,4.067034,1.507049,0.957072,4,4,2,3,4
1557627195.547639,10.035569,4.893074,2.712897,1.321897,1.143851,1.081024,2.469771,1.959946,0.729454,0.981327,2.785351,2.577339,1.390454,1.013073,0.670138,1.692675,1.918107,3.047289,1.534608,1.542327,4.135298,2.533539,4.012880,1.743566,0.936776,4,4,2,3,4
1557627195.673527,18.213920,5.283604,2.773569,1.348043,1.170559,1.384342,2.060266,1.903219,0.772248,0.972585,2.455791,2.355836,1.286290,1.108389,0.676581,1.852321,1.621952,2.628502,1.557286,1.418622,7.071050,2.822113,3.714937,2.016185,0.939458,4,4,2,3,4
1557627195.799514,27.698102,5.867800,2.960206,1.419718,1.262584,1.599757,1.737401,2.040734,0.830519,0.988019,2.102424,2.299414,1.233442,1.167009,0.715742,2.009202,1.393077,2.173830,1.616058,1.280410,10.729934,3.213958,3.298628,2.226765,0.956291,4,4,2,3,4
1557627195.925401,35.953060,6.287492,3.154952,1.452887,1.418989,1.680828,1.478133,2.324297,0.870688,1.020738,1.807137,2.327278,1.247519,1.164269,0.771149,2.214899,1.220876,1.775623,1.647688,1.149210,14.261071,3.494949,2.872776,2.292227,0.991857,4,4,2,3,4
1557627196.051489,39.813774,6.184651,3.258315,1.409055,1.609894,1.635456,1.250187,2.610973,0.871519,1.054341,1.582467,2.306269,1.290811,1.115060,0.828441,2.461395,1.062756,1.528125,1.649389,1.047455,16.297188,3.478918,2.515479,2.210220,1.052736,4,4,2,3,4
1557627196.177677,38.212193,5.442474,3.250735,1.314621,1.786235,1.571846,1.044937,2.750700,0.832667,1.067462,1.452566,2.149129,1.331076,1.067712,0.873280,2.711417,0.901120,1.516497,1.666891,0.986863,16.303602,3.128764,2.287974,2.068677,1.128583,4,4,2,3,4
1557627196.303964,31.550101,4.236013,3.169167,1.220526,1.901605,1.516443,0.880617,2.650933,0.767933,1.044087,1.410713,1.902659,1.349607,1.066633,0.896315,2.885761,0.786073,1.769096,1.738090,0.967045,14.145323,2.581543,2.203438,1.979285,1.199595,4,4,2,3,4
1557627196.430152,22.328446,2.945756,3.054865,1.167826,1.930606,1.502344,0.772549,2.304722,0.697811,0.982689,1.453013,1.675239,1.335642,1.130257,0.899541,2.908679,0.781693,2.205109,1.856904,0.976320,10.768866,2.050902,2.200379,1.997317,1.261585,4,4,2,3,4
1557627196.556140,13.499239,1.935473,2.901405,1.175226,1.871419,1.504346,0.728132,1.781862,0.641062,0.897242,1.561209,1.541351,1.282963,1.239985,0.898912,2.731942,0.922505,2.626084,1.977414,0.996048,7.262464,1.744021,2.156316,2.087753,1.336288,4,4,2,4,4
1557627196.682427,7.169962,1.375433,2.676136,1.222340,1.742252,1.495148,0.757454,1.214507,0.605988,0.807705,1.704165,1.509775,1.238045,1.351763,0.912294,2.369304,1.166594,2.839753,2.033206,1.005510,4.623327,1.757076,2.045892,2.156698,1.450046,4,4,2,4,4
1557627196.808415,4.085784,1.199249,2.379244,1.268508,1.572794,1.442055,0.869630,0.752143,0.589260,0.733244,1.859219,1.542289,1.268063,1.420385,0.946836,1.897830,1.485886,2.822267,1.980422,0.992827,3.304586,2.043208,1.949712,2.115719,1.604797,4,4,2,4,4
1557627196.934403,3.490033,1.194609,2.103960,1.283748,1.395233,1.325326,1.055451,0.511401,0.581398,0.684186,1.980313,1.600157,1.413799,1.421069,0.989934,1.481733,1.988834,2.850712,1.843925,0.963993,3.084429,2.439770,2.018444,1.939785,1.762248,4,4,2,4,4
1557627197.060391,3.924512,1.192463,1.998204,1.265007,1.231675,1.165545,1.294044,0.533608,0.576432,0.662168,2.044747,1.671951,1.650317,1.358986,1.014292,1.320612,2.851522,3.353633,1.696217,0.943601,3.369170,2.786962,2.340353,1.680625,1.861250,4,4,2,4,4
1557627197.186379,4.384585,1.147018,2.199822,1.221150,1.092421,1.022725,1.556073,0.791755,0.575793,0.666061,2.010350,1.769932,1.917124,1.262094,0.995413,1.501178,4.147798,4.644684,1.602901,0.961993,3.610391,3.025552,2.932040,1.429290,1.854709,4,4,2,4,4
1557627197.312467,4.673962,1.135408,2.754111,1.165195,0.981450,0.932673,1.819837,1.230853,0.580022,0.697169,1.882975,1.912066,2.155509,1.162424,0.927382,1.952152,5.727904,6.633270,1.580888,1.035976,3.610745,3.230698,3.706159,1.256554,1.738601,4,4,2,4,4
1557627197.438455,4.744328,1.227396,3.534724,1.121230,0.906652,0.918003,2.055831,1.768684,0.587923,0.756227,1.638889,2.087714,2.327261,1.085241,0.828929,2.462238,7.228453,8.771962,1.599684,1.160768,3.339784,3.505442,4.487796,1.180116,1.561838,4,4,2,4,4
1557627197.564743,4.440630,1.431091,4.269868,1.122736,0.872469,0.955555,2.233321,2.287680,0.606309,0.836228,1.333991,2.229504,2.396110,1.057747,0.735247,2.821871,8.200106,10.282467,1.618778,1.306885,2.833632,3.868794,5.055862,1.187238,1.402536,4,4,2,4,4
1557627197.690531,3.910708,1.690482,4.672657,1.218187,0.872972,1.055382,2.326965,2.662720,0.655817,0.920762,1.004597,2.254776,2.343480,1.112000,0.683092,2.884689,8.281137,10.527948,1.639828,1.438352,2.240279,4.236193,5.259089,1.268491,1.326281,4,4,2,4,4
1557627197.817019,3.194178,1.912137,4.580828,1.446267,0.900636,1.141129,2.303229,2.801832,0.760496,0.989910,0.751370,2.120102,2.170982,1.271495,0.690214,2.687537,7.419275,9.369634,1.714159,1.530555,1.635526,4.476203,5.078553,1.438631,1.348775,4,4,2,4,4
1557627197.942907,2.577708,2.010030,4.038645,1.801721,0.954275,1.229791,2.142413,2.684624,0.923414,1.028565,0.585838,1.843795,1.912693,1.525645,0.745551,2.351695,5.859078,7.246322,1.903596,1.576041,1.189699,4.456056,4.618909,1.711921,1.427543,4,4,2,4,4
1557627198.069195,2.210940,1.971558,3.235017,2.215031,1.036362,1.274375,1.855696,2.362596,1.119316,1.032819,0.579808,1.521773,1.627440,1.811277,0.815966,2.153112,4.058258,4.897478,2.201963,1.577087,0.949171,4.126999,4.030032,2.063338,1.492209,4,4,2,4,4
1557627198.195384,2.205939,1.862558,2.440393,2.594636,1.146271,1.325349,1.502022,1.952802,1.308419,1.011894,0.682273,1.283993,1.380007,2.034699,0.867990,2.182228,2.492201,3.038288,2.534595,1.544401,0.958680,3.576818,3.444298,2.431292,1.497518,4,4,2,4,4
1557627198.321372,2.847198,1.835713,1.939890,2.894633,1.297442,1.488102,1.200208,1.609405,1.462596,1.001633,1.047208,1.282189,1.237103,2.132590,0.893604,2.738765,1.529328,2.079936,2.809658,1.516637,1.566532,3.045679,2.970790,2.758442,1.461745,4,4,2,4,4
1557627198.447360,4.730248,2.175361,1.908764,3.163130,1.523888,2.213381,1.176035,1.478451,1.599778,1.065031,2.201910,1.757739,1.290834,2.132767,0.921967,4.252206,1.391010,1.985796,2.986968,1.569059,3.479865,2.919050,2.759873,3.057488,1.454653,4,4,2,4,4
1557627198.573448,8.765781,3.143170,2.356601,3.518042,1.854031,4.326859,1.645553,1.637478,1.769571,1.256572,5.022954,2.930331,1.607989,2.122925,0.997631,7.518049,2.181229,2.454517,3.098843,1.772021,8.016641,3.561797,2.948737,3.372995,1.548106,4,4,2,4,4
1557627198.699537,15.694458,4.707937,3.139714,4.031150,2.277249,8.502274,2.659254,2.045310,1.983866,1.588038,10.298216,4.792498,2.188066,2.178221,1.149988,13.243075,3.772847,3.175173,3.192337,2.138562,15.955206,4.972481,3.598905,3.717240,1.768836,4,4,2,4,4
1557627198.825425,24.719356,6.515492,3.993391,4.686535,2.733426,14.358137,3.998034,2.575461,2.219413,2.018115,17.566954,7.018584,2.964044,2.325098,1.369797,20.846239,5.750718,3.926542,3.306226,2.595711,26.616052,6.764044,4.616813,4.068511,2.076818,4,4,2,4,4
1557627198.951614,33.840440,7.998285,4.651300,5.383583,3.124952,20.576543,5.242298,3.067375,2.405726,2.459571,25.460171,9.040707,3.846638,2.516642,1.603774,28.777114,7.500905,4.596263,3.442864,3.005073,37.658426,8.291637,5.790493,4.360671,2.377781,4,4,2,4,4
1557627199.077702,40.127757,8.638634,4.900955,5.928916,3.347269,25.196428,5.973317,3.418856,2.445600,2.809342,31.615365,10.319059,4.724907,2.636448,1.780533,34.617760,8.476209,5.061867,3.530383,3.221298,45.904749,9.039321,6.778891,4.474339,2.570916,4,4,2,4,4
1557627199.203891,41.516215,8.258919,4.675003,6.139877,3.333695,26.668892,5.961498,3.630366,2.286677,2.988832,34.174496,10.544470,5.509735,2.585175,1.852487,36.443098,8.388162,5.220095,3.499242,3.176325,48.826861,8.766119,7.258421,4.317004,2.606819,4,4,2,4,4
1557627199.329880,37.477029,7.074289,4.095838,5.969136,3.083685,24.520113,5.248642,3.779220,1.983577,2.969156,32.212735,9.794222,6.154549,2.366047,1.822159,33.464238,7.367033,5.082094,3.356793,2.919436,45.382353,7.592849,7.117549,3.917982,2.511795,4,4,2,4,4
1557627199.456068,29.478324,5.657800,3.381572,5.511244,2.663478,19.624793,4.127546,3.953745,1.661496,2.773312,26.499334,8.432815,6.605017,2.061632,1.734255,26.594721,5.970590,4.730598,3.175115,2.581853,36.831400,6.039251,6.443778,3.401678,2.362571,4,4,2,4,4
1557627199.582157,20.004338,4.599362,2.775686,4.936962,2.181010,13.678976,2.985340,4.185112,1.463942,2.464796,18.912479,6.947249,6.805604,1.787588,1.645627,18.014143,4.838858,4.270395,3.039221,2.315332,25.968145,4.722584,5.458519,2.912667,2.240410,4,4,2,4,4
1557627199.708246,11.714595,4.231860,2.432285,4.409165,1.749632,8.519505,2.112765,4.413664,1.464654,2.119818,11.763704,5.722048,6.724877,1.628530,1.592295,10.266102,4.391187,3.796035,2.993097,2.226142,16.047114,4.040050,4.421796,2.549716,2.186915,4,4,2,4,4
1557627199.834434,6.139858,4.483427,2.380795,3.996894,1.443426,5.180565,1.643557,4.522699,1.614866,1.797597,6.509604,4.863793,6.346956,1.572637,1.572754,4.981277,4.579449,3.371894,2.983336,2.328352,9.014249,3.976826,3.518918,2.312903,2.184774,4,4,2,4,4
1557627199.960423,3.251534,4.935518,2.519661,3.668733,1.269932,3.623536,1.511821,4.400014,1.792287,1.525246,3.580259,4.218617,5.687053,1.550327,1.556080,2.477698,4.978016,2.989647,2.906892,2.544296,5.392086,4.172891,2.830200,2.153885,2.172002,4,4,2,4,4
1557627200.086412,2.231236,5.089966,2.704816,3.361372,1.193938,3.133794,1.548109,4.041576,1.875795,1.307403,2.300642,3.574406,4.847070,1.487987,1.513738,1.849249,5.103899,2.632092,2.673926,2.761836,4.155842,4.200908,2.394820,2.012963,2.094729,4,4,2,4,4
1557627200.212400,1.757355,4.710137,2.868875,3.043513,1.171450,2.827257,1.616905,3.544769,1.814576,1.143589,1.691915,2.894070,3.971175,1.364056,1.442555,1.877228,4.734273,2.311650,2.283108,2.903585,3.956509,3.844761,2.221482,1.866172,1.955252,4,4,2,4,4
1557627200.338489,1.354589,3.918025,3.078884,2.749314,1.174814,2.350795,1.706543,3.062176,1.643555,1.029373,1.258198,2.372203,3.224264,1.220167,1.360950,1.894024,3.992928,2.088291,1.840970,2.948717,3.832033,3.184465,2.333629,1.748115,1.812297,4,4,2,4,4
1557627200.464578,0.996285,3.033309,3.382674,2.539672,1.187105,1.838727,1.878043,2.717429,1.435727,0.948037,0.899842,2.282134,2.755330,1.107667,1.279026,1.827573,3.171899,1.979178,1.490072,2.898109,3.515596,2.497365,2.690913,1.714358,1.727364,4,4,2,4,4
1557627200.590567,0.792715,2.416913,3.805104,2.461130,1.206113,1.481685,2.135364,2.550849,1.260273,0.884704,0.628863,2.697327,2.621361,1.067083,1.196705,1.760773,2.584903,1.974593,1.339823,2.764873,3.002200,2.077528,3.179319,1.815027,1.732697,4,4,2,4,4
1557627200.716956,0.718620,2.290482,4.291300,2.526019,1.237561,1.261355,2.407259,2.521490,1.156530,0.834820,0.440632,3.466683,2.769941,1.103956,1.108437,1.725384,2.407114,2.023564,1.418284,2.570134,2.365654,2.094057,3.639124,2.057385,1.812440,4,4,2,4,4
1557627200.842946,0.756626,2.651542,4.764112,2.692253,1.275747,1.171894,2.580598,2.533126,1.118151,0.798399,0.340446,4.299367,3.043704,1.187241,1.011284,1.783658,2.615186,2.054099,1.649632,2.335786,1.773905,2.519332,3.906782,2.374228,1.906695,4,4,2,4,4
1557627200.969135,0.854945,3.286908,5.149179,2.861100,1.296384,1.222567,2.563513,2.491687,1.110940,0.779047,0.319774,4.895936,3.277310,1.261877,0.916389,1.916945,3.015059,2.013418,1.894685,2.085518,1.356344,3.158056,3.887672,2.639734,1.946938,4,4,2,4,4
1557627201.094923,0.970930,3.896195,5.370674,2.941071,1.269307,1.322892,2.346049,2.388096,1.119973,0.777049,0.369636,5.065606,3.348714,1.283849,0.848680,2.033896,3.373922,1.876276,2.030450,1.846265,1.136591,3.751418,3.551413,2.738946,1.901062,4,4,2,4,4
1557627201.221213,1.165059,4.237808,5.344142,2.898427,1.191900,1.467861,2.002812,2.271945,1.155557,0.786191,0.505743,4.786038,3.204751,1.244872,0.834523,2.088051,3.529073,1.628282,2.010564,1.647689,1.166204,4.104898,2.936672,2.625815,1.796981,4,4,2,4,4
1557627201.347302,1.478961,4.249562,5.090199,2.752114,1.116966,1.643012,1.713602,2.246808,1.221625,0.796014,0.823906,4.228474,2.865435,1.168728,0.885811,2.090549,3.484287,1.305439,1.857316,1.534823,1.488307,4.214300,2.210345,2.334964,1.709641,4,4,2,4,4
1557627201.473391,1.924852,4.079230,4.735364,2.571137,1.129148,1.913387,1.718617,2.422685,1.308043,0.799145,1.447657,3.665163,2.429599,1.103458,0.991482,2.149552,3.363777,1.009777,1.655208,1.551289,2.112306,4.219894,1.584972,1.988837,1.712135,4,4,2,4,4
1557627201.599380,2.460708,3.990449,4.392820,2.440349,1.295102,2.270983,2.204821,2.816588,1.392522,0.798603,2.455423,3.335451,1.986349,1.105081,1.119248,2.399800,3.290815,0.847074,1.512287,1.705563,3.003682,4.279946,1.202307,1.752331,1.829114,4,4,2,4,4
1557627201.725370,2.939668,4.178278,4.106137,2.417797,1.609968,2.653539,3.175956,3.317883,1.446466,0.804567,3.744675,3.342033,1.591598,1.200872,1.224426,2.864473,3.302877,0.897316,1.505588,1.944518,3.971243,4.440127,1.102691,1.746020,2.012617,4,4,2,4,4
1557627201.851559,3.296791,4.652375,3.825097,2.495997,1.981379,2.987382,4.399617,3.712608,1.446779,0.824625,5.069003,3.639237,1.268651,1.371646,1.270263,3.444874,3.332669,1.155746,1.640914,2.166159,4.784755,4.614457,1.202064,1.976609,2.163417,4,4,2,4,4
1557627201.977548,3.473367,5.272419,3.484463,2.605945,2.272971,3.223818,5.503021,3.802773,1.387004,0.856487,6.103809,4.077004,1.006026,1.556456,1.240951,3.956238,3.295035,1.529760,1.854043,2.267872,5.195275,4.650926,1.324672,2.329447,2.189334,4,4,2,4,4
1557627202.103538,3.526288,5.813372,3.058134,2.652691,2.378348,3.393047,6.122489,3.494481,1.273124,0.889247,6.623708,4.463608,0.796641,1.678004,1.143676,4.229064,3.161322,1.902281,2.044150,2.194016,5.110158,4.424474,1.352277,2.638097,2.056165,4,4,2,4,4
1557627202.229727,3.482810,6.062567,2.542073,2.572791,2.273609,3.524907,6.043803,2.835788,1.122333,0.912501,6.519534,4.633905,0.646932,1.684102,1.005005,4.175666,2.979328,2.183531,2.125541,1.958909,4.571692,3.947391,1.254757,2.785205,1.799570,4,4,2,4,4
1557627202.355917,3.385668,5.948126,1.994623,2.359216,2.020796,3.615958,5.302857,2.021570,0.965950,0.927345,5.864465,4.510984,0.579238,1.566673,0.862592,3.827498,2.868975,2.340609,2.063190,1.635726,3.761998,3.363152,1.077266,2.730667,1.502331,4,4,2,4,4
1557627202.481906,3.273565,5.540692,1.490660,2.051492,1.730776,3.670334,4.142907,1.295756,0.839450,0.945639,4.926988,4.107235,0.619587,1.365716,0.750334,3.379443,2.946621,2.390472,1.873182,1.316291,2.923498,2.872487,0.906840,2.505266,1.251726,4,4,2,4,4
1557627202.608196,3.110738,4.963718,1.143258,1.720345,1.504093,3.624642,2.919995,0.864722,0.770392,0.981823,3.967935,3.478646,0.791708,1.148776,0.686381,2.965599,3.174658,2.400089,1.611277,1.069814,2.235945,2.580054,0.832885,2.192104,1.097568,4,4,2,4,4
1557627202.734285,2.837629,4.319677,1.002691,1.438056,1.387217,3.449858,1.944890,0.791556,0.765105,1.047780,3.207485,2.750219,1.108462,0.978282,0.671782,2.658968,3.404966,2.454515,1.342977,0.920035,1.777709,2.473805,0.899046,1.884168,1.037533,4,4,2,4,4
1557627202.860375,2.500174,3.689644,1.068943,1.260320,1.372231,3.170345,1.403154,1.001607,0.807940,1.148222,2.753940,2.127153,1.561831,0.887533,0.695897,2.475488,3.482756,2.620791,1.132674,0.852645,1.559812,2.488316,1.109753,1.646021,1.033251,4,4,2,4,4
1557627202.986465,2.121765,3.144429,1.368408,1.215163,1.424853,2.816549,1.283659,1.364129,0.866339,1.276086,2.557634,1.781524,2.128751,0.867483,0.744742,2.310779,3.334674,2.935300,1.022426,0.842973,1.514044,2.552179,1.474593,1.500497,1.047108,4,4,2,4,4
1557627203.112454,1.841956,2.767914,1.961939,1.288529,1.521951,2.469891,1.454926,1.764215,0.927048,1.416430,2.508733,1.753915,2.753174,0.884214,0.811747,2.154068,3.011906,3.392731,1.021123,0.885367,1.595221,2.664472,2.005560,1.445322,1.067049,4,4,2,4,4
1557627203.238444,1.720339,2.648917,2.859006,1.440142,1.659901,2.179265,1.786717,2.121900,1.006874,1.546342,2.514391,1.966179,3.334596,0.923140,0.892656,2.007834,2.652907,3.917901,1.124028,0.989364,1.751239,2.898298,2.648045,1.493476,1.108223,4,4,2,4,4
1557627203.364534,1.752963,2.814494,3.944583,1.621161,1.827308,1.972789,2.179808,2.376604,1.132165,1.637692,2.531675,2.273936,3.744446,0.993272,0.977014,1.946579,2.375360,4.383675,1.319559,1.150861,1.988930,3.298608,3.303711,1.662529,1.193185,4,4,2,4,4
1557627203.490624,1.829604,3.141793,4.977497,1.778670,1.985794,1.789177,2.488285,2.491215,1.307598,1.666318,2.504629,2.488066,3.867270,1.105223,1.046151,1.993625,2.201174,4.637649,1.567418,1.340413,2.311642,3.819841,3.831270,1.928269,1.323524,4,4,2,4,4
1557627203.616514,1.850570,3.447056,5.686137,1.866690,2.074076,1.603709,2.597167,2.467403,1.498997,1.621348,2.405253,2.464051,3.650939,1.249130,1.078624,2.129804,2.094992,4.562686,1.795214,1.512341,2.701072,4.337818,4.095113,2.201737,1.470795,4,4,2,4,4
1557627203.742604,1.803416,3.619893,5.867280,1.863550,2.035395,1.415381,2.492076,2.344715,1.649013,1.507186,2.258832,2.190214,3.156182,1.383500,1.058060,2.339369,2.011805,4.122974,1.928220,1.621227,3.094979,4.718831,4.032877,2.359274,1.587104,4,4,2,4,4
1557627203.868994,1.716270,3.645063,5.459242,1.805475,1.850847,1.271700,2.243656,2.147165,1.702400,1.342820,2.085126,1.761713,2.513527,1.453247,0.981721,2.577271,1.945706,3.386284,1.949774,1.642830,3.363885,4.872069,3.665867,2.308261,1.631543,4,4,2,4,4
1557627203.994983,1.688716,3.603551,4.623756,1.767098,1.556254,1.188075,1.985880,1.897754,1.640290,1.159153,1.896913,1.342970,1.882196,1.427397,0.864861,2.771304,1.948225,2.529224,1.917900,1.581825,3.415592,4.795245,3.098068,2.042299,1.590714,4,4,2,4,4
1557627204.121073,1.804496,3.513168,3.609659,1.808597,1.224440,1.182407,1.818359,1.607158,1.491208,0.989172,1.677159,1.108785,1.382471,1.312587,0.739433,2.821869,2.043644,1.752534,1.919149,1.467561,3.228487,4.556639,2.478414,1.633260,1.486480,4,4,2,4,4
1557627204.247264,2.185791,3.411493,2.682299,1.948701,0.932089,1.222101,1.794043,1.308517,1.318687,0.858583,1.426533,1.163952,1.084434,1.150971,0.641281,2.700508,2.233072,1.245622,2.015711,1.337939,2.884951,4.291040,2.010853,1.209660,1.370152,4,4,2,4,4
1557627204.373354,3.666955,3.447363,2.041014,2.138762,0.728286,1.338530,1.898701,1.053788,1.178794,0.780903,1.170512,1.457753,0.970272,1.003538,0.593486,2.464903,2.460245,1.123655,2.201101,1.221119,2.856704,4.112793,1.842913,0.902394,1.296103,4,4,2,4,4
1557627204.499344,8.083329,3.875606,1.819193,2.290838,0.621636,1.538706,2.054530,0.883438,1.086236,0.756631,0.945618,1.823000,0.957045,0.912758,0.596981,2.214906,2.623488,1.383235,2.392355,1.130804,3.904131,4.068648,2.045514,0.778340,1.294451,4,4,2,4,4
1557627204.625334,17.111295,4.906633,2.010999,2.322285,0.596427,1.905888,2.176639,0.817571,1.019329,0.775784,0.821870,2.084465,0.960848,0.880068,0.634227,2.075781,2.660459,1.908793,2.475097,1.072291,6.757849,4.156213,2.574570,0.815368,1.365891,4,4,2,4,4
1557627204.751324,30.633525,6.498452,2.466756,2.194469,0.632962,2.425964,2.198588,0.825213,0.947803,0.824031,0.847681,2.126795,0.933757,0.877475,0.681495,2.113260,2.579706,2.508449,2.371208,1.050577,11.492096,4.314894,3.255100,0.944555,1.489549,4,4,2,4,4
1557627204.877414,46.046432,8.303966,2.969294,1.931320,0.712583,3.096515,2.119653,0.859594,0.856327,0.882151,1.028749,1.933102,0.887889,0.868787,0.720700,2.301161,2.435787,2.988061,2.095010,1.072540,17.199298,4.461150,3.883918,1.100400,1.629450,4,4,2,4,4
1557627205.003505,59.026732,9.758291,3.290891,1.609855,0.819834,3.794309,1.994743,0.894953,0.758393,0.930819,1.326236,1.575196,0.859385,0.828680,0.744516,2.536081,2.290198,3.195317,1.739418,1.139359,22.318091,4.474018,4.287816,1.235902,1.742430,4,4,2,4,4
1557627205.129595,65.199125,10.330861,3.296718,1.325007,0.934373,4.414785,1.888281,0.927440,0.681297,0.957070,1.682644,1.166396,0.872795,0.762520,0.755533,2.677857,2.157824,3.064382,1.428129,1.231748,25.097332,4.236775,4.362438,1.329453,1.787201,4,4,2,4,4
1557627205.255785,62.239771,9.767356,2.967682,1.131196,1.024108,4.763387,1.827669,0.958232,0.641004,0.957911,2.005514,0.818716,0.944517,0.692001,0.759261,2.649828,2.020827,2.648320,1.243660,1.313333,24.597085,3.716410,4.107609,1.369222,1.735109,4,4,2,4,4
1557627205.381676,51.100049,8.211831,2.416723,1.032828,1.063006,4.768716,1.799413,0.993452,0.637675,0.943002,2.224935,0.603132,1.073766,0.638667,0.759842,2.410103,1.857727,2.098069,1.191251,1.355049,21.002664,3.011615,3.633459,1.355720,1.586229,4,4,2,4,4
1557627205.508166,35.540493,6.163391,1.830216,1.001964,1.044996,4.409861,1.769680,1.033229,0.658432,0.925124,2.289717,0.554565,1.261518,0.618273,0.760666,2.023166,1.684660,1.592372,1.223635,1.347899,15.530044,2.304599,3.095073,1.301191,1.376050,4,4,2,4,4
1557627205.634157,20.303077,4.256287,1.377006,1.026513,0.991414,3.774869,1.706536,1.055207,0.685955,0.911936,2.231450,0.676853,1.491383,0.634085,0.770380,1.615967,1.567441,1.249540,1.286541,1.308300,9.880933,1.784155,2.603338,1.239044,1.172243,4,4,2,4,4
1557627205.760147,9.051411,2.938449,1.116245,1.132538,0.946250,2.995801,1.606087,1.024099,0.714310,0.907268,2.178239,0.945473,1.717454,0.679227,0.799599,1.351626,1.604089,1.097750,1.365104,1.264455,5.547536,1.580756,2.190242,1.216401,1.048321,4,4,2,4,4
1557627205.886338,2.895251,2.320142,1.010823,1.356999,0.953362,2.234534,1.493918,0.917498,0.757341,0.914802,2.187751,1.315126,1.868150,0.745802,0.851289,1.288748,1.832082,1.088624,1.477604,1.237252,3.065461,1.696317,1.820928,1.282954,1.046225,4,4,2,4,4
1557627206.012428,0.733220,2.204979,0.991244,1.711161,1.029074,1.623579,1.412135,0.749343,0.841479,0.940489,2.274313,1.746187,1.887233,0.824532,0.916527,1.407886,2.195863,1.159362,1.644716,1.229682,2.181519,2.006040,1.464882,1.464976,1.157558,4,4,2,4,4
1557627206.138419,0.395757,2.268369,1.034582,2.150340,1.150319,1.195385,1.405183,0.575539,0.983495,0.988254,2.330048,2.233251,1.783736,0.902283,0.972275,1.603925,2.576513,1.314982,1.865853,1.224473,2.054345,2.338764,1.216331,1.740874,1.327011,4,4,2,4,4
1557627206.264410,0.392392,2.298727,1.151383,2.568640,1.265370,0.937866,1.479046,0.469558,1.171061,1.052478,2.263699,2.767133,1.621198,0.964675,0.990338,1.750730,2.840223,1.587007,2.104266,1.197072,2.036092,2.593549,1.209511,2.045519,1.473537,4,4,2,4,4
1557627206.390400,0.411757,2.206981,1.326771,2.828647,1.319474,0.839463,1.590368,0.473636,1.361571,1.113951,2.017165,3.299817,1.486175,1.000797,0.954744,1.771843,2.888336,1.949933,2.291981,1.132083,1.886175,2.765679,1.480700,2.281969,1.531081,4,4,2,4,4
1557627206.516491,0.470879,1.977460,1.513742,2.830440,1.284985,0.871542,1.674116,0.581299,1.492673,1.144918,1.659051,3.752124,1.444600,1.002224,0.872720,1.656905,2.688824,2.317510,2.363272,1.038790,1.642120,2.915646,1.947527,2.364079,1.482416,4,4,2,4,4
1557627206.642482,0.610262,1.657324,1.665349,2.563771,1.174609,0.973262,1.677161,0.771119,1.509632,1.121694,1.363744,4.034245,1.519982,0.967649,0.773262,1.486283,2.299423,2.602958,2.287376,0.949242,1.457267,3.116966,2.476029,2.253790,1.362894,4,4,2,4,4
1557627206.768872,0.864265,1.356833,1.754179,2.120722,1.028379,1.098340,1.588915,1.037027,1.393227,1.037195,1.370788,4.082555,1.680177,0.905583,0.690247,1.374019,1.835697,2.763660,2.086425,0.894370,1.510950,3.392826,2.947448,1.979420,1.226917,4,4,2,4,4
1557627206.894663,1.201932,1.206466,1.782724,1.643338,0.893683,1.190606,1.447928,1.405981,1.171205,0.908506,1.838424,3.943502,1.851211,0.828544,0.644163,1.401360,1.430503,2.802759,1.814557,0.886232,1.908122,3.674507,3.281088,1.620665,1.120521,4,4,2,4,4
1557627207.020954,1.553732,1.266657,1.782887,1.266436,0.809342,1.205067,1.297601,1.881618,0.913717,0.774824,2.707802,3.749569,1.960833,0.756713,0.639663,1.566239,1.156543,2.751558,1.541187,0.917140,2.585565,3.813284,3.425033,1.289343,1.062090,4,4,2,4,4
1557627207.147145,1.835944,1.507171,1.798990,1.063763,0.789523,1.133004,1.186927,2.413216,0.693201,0.675892,3.732150,3.633157,1.960366,0.711240,0.669239,1.813344,1.012859,2.658119,1.328076,0.968013,3.355759,3.681381,3.387686,1.089824,1.046830,4,4,2,4,4
1557627207.273336,2.003222,1.863683,1.850974,1.028962,0.820615,1.027877,1.176296,2.895535,0.552914,0.635068,4.604475,3.682711,1.837395,0.703627,0.723695,2.094551,1.031788,2.541536,1.195988,1.021037,4.035626,3.337725,3.202835,1.071060,1.068169,4,4,2,4,4
1557627207.399227,2.103600,2.265272,1.924978,1.100215,0.870574,0.942560,1.277846,3.196870,0.492873,0.649282,5.024700,3.874659,1.631143,0.737109,0.799658,2.363878,1.229122,2.403196,1.130566,1.062955,4.454023,2.962570,2.908705,1.213492,1.127790,4,4,2,4,4
1557627207.525418,2.240690,2.661019,1.980490,1.205834,0.913374,0.956255,1.445442,3.228008,0.491353,0.697695,4.929548,4.071397,1.401157,0.806056,0.896866,2.576522,1.561359,2.240111,1.105314,1.094507,4.635178,2.744324,2.550540,1.457850,1.238310,4,4,2,4,4
1557627207.651409,2.661340,3.074200,1.984456,1.306246,0.941011,1.093101,1.612671,2.987637,0.529808,0.757249,4.378925,4.098343,1.210925,0.895367,1.007454,2.703280,1.939979,2.077917,1.105252,1.125659,4.757628,2.761295,2.200241,1.744815,1.403698,4,4,2,4,4
