TimeStamp,AF3_THETA,AF3_ALPHA,AF3_LOW_BETA,AF3_HIGH_BETA,AF3_GAMMA,T7_THETA,T7_ALPHA,T7_LOW_BETA,T7_HIGH_BETA,T7_GAMMA,Pz_THETA,Pz_ALPHA,Pz_LOW_BETA,Pz_HIGH_BETA,Pz_GAMMA,T8_THETA,T8_ALPHA,T8_LOW_BETA,T8_HIGH_BETA,T8_GAMMA,AF4_THETA,AF4_ALPHA,AF4_LOW_BETA,AF4_HIGH_BETA,AF4_GAMMA,CQ_AF3,CQ_T7,CQ_Pz,CQ_T8,CQ_AF4,class
1557649021.01702,2.651073,1.459442,1.853251,1.034371,0.452443,3.549363,1.918878,1.841935,0.465917,0.487773,13.753128,5.507359,1.599888,1.549342,0.834551,0.675692,0.327293,0.315325,0.510215,0.319738,2.868642,1.662951,1.361937,1.424423,0.392169,4,4,4,4,4,sad
1557649021.14347,2.509196,1.433779,1.704283,1.143093,0.413492,3.404788,1.799142,1.839373,0.462511,0.448259,13.207977,6.35661,2.236773,1.669762,0.766009,0.716347,0.405058,0.390861,0.519086,0.345499,3.049959,1.899385,1.00607,1.425962,0.377472,4,4,4,4,4,sad
1557649021.26933,2.284376,1.61921,1.634099,1.203996,0.390836,3.548049,1.694512,1.747682,0.485495,0.41573,11.895666,7.121644,3.022897,1.660403,0.678865,0.716521,0.523936,0.514341,0.527878,0.362641,3.437892,2.279064,0.795576,1.371298,0.363342,4,4,4,4,4,sad
1557649021.39558,2.190746,1.909998,1.695475,1.212016,0.39178,3.585766,1.622154,1.554552,0.524979,0.394563,9.713505,7.412601,3.712482,1.56542,0.593724,0.70445,0.659271,0.650723,0.535159,0.375258,3.667554,2.722067,0.784762,1.30897,0.349199,4,4,4,4,4,sad
1557649021.52183,2.572764,2.193705,1.896437,1.185324,0.414001,3.562853,1.560637,1.285484,0.565367,0.386219,7.011946,7.026586,4.112856,1.481429,0.528795,0.67706,0.775205,0.76177,0.543353,0.385684,3.968008,3.113748,0.943428,1.293998,0.33524,4,4,4,4,4,sad
1557649021.64788,3.221117,2.369217,2.190173,1.149045,0.443409,3.38542,1.485734,0.993535,0.591215,0.389547,4.53801,6.053746,4.15269,1.515666,0.499451,0.672678,0.845188,0.818131,0.557862,0.39306,4.067087,3.340069,1.193534,1.346758,0.322452,4,4,4,4,4,sad
1557649021.77393,4.262915,2.391513,2.466737,1.122158,0.461848,3.086437,1.368893,0.731602,0.59272,0.401479,2.812908,4.856087,3.883394,1.712413,0.517935,0.716997,0.85742,0.81474,0.578058,0.392722,4.144987,3.328142,1.433361,1.438316,0.313694,4,4,4,4,4,sad
1557649021.89999,5.191889,2.266832,2.622138,1.110746,0.457503,2.711599,1.195115,0.53323,0.574385,0.418436,2.005255,3.822342,3.43524,2.034945,0.586786,0.821055,0.817331,0.754049,0.594126,0.380072,4.287474,3.077475,1.595789,1.51207,0.317283,4,4,4,4,4,sad
1557649022.02604,5.584947,2.05737,2.608481,1.107174,0.432707,2.297426,0.989267,0.41454,0.555088,0.435787,1.868249,3.207918,2.994513,2.397524,0.694309,0.993001,0.746076,0.654712,0.593115,0.356209,4.27748,2.691235,1.679811,1.522393,0.345251,4,4,4,4,4,sad
1557649022.15189,5.560602,1.85726,2.44943,1.093654,0.401949,1.902285,0.806514,0.378018,0.553833,0.447656,2.135911,3.002503,2.750363,2.729895,0.820824,1.205262,0.670922,0.548021,0.571136,0.330077,4.555896,2.345953,1.754351,1.476016,0.404444,4,4,4,4,4,sad
1557649022.27804,4.7299,1.730035,2.211881,1.06154,0.386233,1.538537,0.696139,0.412933,0.579071,0.450118,2.703535,3.067397,2.825031,3.010986,0.942379,1.386831,0.61023,0.461291,0.537893,0.314424,4.623389,2.18896,1.899053,1.432583,0.489782,4,4,4,4,4,sad
1557649022.40419,3.848271,1.672873,1.964826,1.022728,0.404608,1.217125,0.689828,0.498518,0.623953,0.442333,3.788795,3.244061,3.228502,3.286187,1.037436,1.492867,0.566102,0.408091,0.51331,0.318717,4.862844,2.250091,2.152415,1.462391,0.585499,4,4,4,4,4,sad
1557649022.53015,2.890438,1.657955,1.740022,0.996998,0.462113,0.967581,0.797632,0.608157,0.672992,0.426405,5.534243,3.501819,3.906664,3.612218,1.089525,1.474609,0.53569,0.390438,0.515045,0.343256,4.880926,2.458077,2.460215,1.59263,0.669983,4,4,4,4,4,sad
1557649022.6563,2.352548,1.677199,1.523171,0.997457,0.544496,0.772567,1.004083,0.704509,0.709557,0.406566,8.193002,4.278373,4.780947,3.965084,1.093172,1.334789,0.528294,0.403822,0.546473,0.378567,4.822782,2.687055,2.706771,1.780182,0.7233,4,4,4,4,4,sad
1557649022.78255,2.202926,1.784674,1.290088,1.025596,0.625276,0.662827,1.271711,0.758541,0.723003,0.388047,12.366968,6.42897,5.704873,4.208928,1.058895,1.128205,0.564252,0.44282,0.595186,0.410088,4.527043,2.851369,2.762216,1.928928,0.736756,4,4,4,4,4,sad
1557649022.9087,2.422621,2.034539,1.047326,1.081909,0.676317,0.693895,1.547494,0.761821,0.707361,0.374112,18.145444,10.469395,6.520278,4.206916,1.005937,0.984119,0.645822,0.505635,0.641067,0.426414,4.248202,2.936528,2.569777,1.948103,0.716353,4,4,4,4,4,sad
1557649023.03486,3.097316,2.402104,0.851886,1.162123,0.679383,0.936604,1.767464,0.729726,0.670022,0.364626,25.898318,16.055606,7.088491,3.913142,0.952224,1.043865,0.750446,0.58187,0.664714,0.425154,4.258159,2.946725,2.186772,1.807304,0.678327,4,4,4,4,4,sad
1557649023.16091,4.114257,2.766853,0.747123,1.248339,0.638237,1.458361,1.868019,0.679801,0.627509,0.357797,34.545727,21.910061,7.28023,3.385761,0.906148,1.406173,0.840406,0.647639,0.65262,0.410754,4.873384,2.881764,1.730736,1.537412,0.641956,4,4,4,4,4,sad
1557649023.28686,5.450503,3.002082,0.766131,1.319711,0.578991,2.175323,1.824202,0.614262,0.594751,0.351599,42.148045,26.277225,7.033767,2.767786,0.865269,2.022475,0.890491,0.683498,0.603891,0.389585,6.022264,2.748669,1.32886,1.212501,0.621262,4,4,4,4,4,sad
1557649023.41291,6.64285,3.040961,0.895415,1.358763,0.535907,2.977883,1.667326,0.537158,0.585998,0.346268,46.560961,27.630782,6.392358,2.219128,0.823348,2.728768,0.898131,0.683667,0.532347,0.366583,7.343024,2.55507,1.053349,0.921182,0.618181,4,4,4,4,4,sad
1557649023.53897,7.45194,2.89412,1.090416,1.35504,0.532194,3.641246,1.461498,0.474969,0.608808,0.344439,46.010205,25.403448,5.461862,1.823584,0.780854,3.283863,0.879913,0.645558,0.455758,0.343402,8.268852,2.326834,0.912053,0.720284,0.623944,4,4,4,4,4,sad
1557649023.66502,7.417729,2.648905,1.293348,1.31073,0.569771,4.050541,1.272151,0.46299,0.659186,0.350732,40.451389,20.337787,4.439167,1.573831,0.745444,3.488183,0.847899,0.571757,0.387915,0.320016,8.372975,2.115777,0.859795,0.620382,0.628262,4,4,4,4,4,sad
1557649023.79097,6.707783,2.414359,1.465394,1.238502,0.629742,4.12348,1.134831,0.530834,0.725402,0.368339,31.243311,14.068624,3.544082,1.403043,0.731612,3.277226,0.820603,0.486051,0.337852,0.297166,7.584685,1.992792,0.86883,0.591924,0.627832,4,4,4,4,4,sad
1557649023.91703,5.365989,2.250448,1.596719,1.154422,0.68279,3.906666,1.044565,0.69567,0.793245,0.395616,21.111476,8.371684,2.926061,1.256886,0.749477,2.739584,0.791256,0.422062,0.309988,0.278649,6.137672,1.993079,0.939046,0.601562,0.625442,4,4,4,4,4,sad
1557649024.04318,3.924662,2.148486,1.690501,1.069221,0.704502,3.508323,0.977112,0.94074,0.851225,0.425408,12.517393,4.408898,2.5923,1.131942,0.802069,2.073651,0.739952,0.397551,0.304572,0.27157,4.441246,2.11582,1.077847,0.632634,0.625679,4,4,4,4,4,sad
1557649024.16943,2.627994,2.056283,1.736905,0.981526,0.686054,3.057326,0.911317,1.216102,0.892706,0.446757,7.021527,2.370658,2.458513,1.049043,0.877515,1.493993,0.658416,0.411935,0.317025,0.281059,3.026782,2.298312,1.246819,0.675527,0.630543,4,4,4,4,4,sad
1557649024.29559,1.853409,1.948014,1.727325,0.884903,0.634776,2.622812,0.835036,1.445383,0.915566,0.451325,4.530517,1.659405,2.419709,1.020075,0.950559,1.13332,0.560172,0.45735,0.339432,0.306022,2.244408,2.464916,1.389352,0.728481,0.637864,4,4,4,4,4,sad
1557649024.42174,1.502242,1.867678,1.64287,0.780068,0.566506,2.243948,0.753403,1.555263,0.924783,0.440481,4.080216,1.474261,2.409269,1.019387,0.996406,0.984951,0.473388,0.51327,0.36342,0.338696,2.219247,2.573303,1.444303,0.809672,0.640388,4,4,4,4,4,sad
1557649024.54779,1.489882,1.897526,1.47458,0.681031,0.499308,1.918279,0.685154,1.511541,0.930701,0.426299,4.538735,1.398271,2.413078,1.004119,1.004632,0.961045,0.425074,0.553277,0.383974,0.367274,2.840571,2.621815,1.372799,0.937273,0.628392,4,4,4,4,4,sad
1557649024.67385,1.633907,2.06402,1.243583,0.607102,0.446795,1.649824,0.647652,1.331349,0.93513,0.422193,5.420949,1.379984,2.472318,0.958664,0.980434,0.954631,0.415665,0.560731,0.397993,0.381083,3.784407,2.64819,1.195114,1.108406,0.59664,4,4,4,4,4,sad
1557649024.7998,1.876152,2.314861,1.010511,0.568585,0.413027,1.446768,0.644752,1.068959,0.930296,0.433629,6.435394,1.545444,2.595403,0.897222,0.93971,0.914081,0.437,0.529895,0.401863,0.374913,4.746611,2.718348,0.973891,1.290794,0.546359,4,4,4,4,4,sad
1557649024.92585,2.213619,2.569758,0.858176,0.559264,0.395733,1.304188,0.675932,0.803335,0.908701,0.455631,7.44393,2.035125,2.724491,0.845716,0.899145,0.837473,0.483956,0.47012,0.390653,0.351809,5.408382,2.87093,0.792038,1.434795,0.485015,4,4,4,4,4,sad
1557649025.05191,2.640876,2.748518,0.841313,0.563651,0.391959,1.197375,0.731931,0.617066,0.87102,0.474858,8.105271,2.84179,2.780207,0.82462,0.867841,0.746191,0.555203,0.405086,0.362685,0.321955,5.766864,3.100954,0.71089,1.495371,0.424778,4,4,4,4,4,sad
1557649025.17796,3.132826,2.805277,0.958732,0.576688,0.399553,1.096525,0.796459,0.563826,0.82588,0.477771,8.279772,3.781794,2.697339,0.845038,0.847379,0.665286,0.641378,0.361034,0.322127,0.297235,5.746311,3.333564,0.745676,1.455073,0.375889,4,4,4,4,4,sad
1557649025.30391,3.703901,2.736832,1.155146,0.604995,0.414201,1.011113,0.852057,0.637424,0.782243,0.458667,8.20503,4.58038,2.470401,0.908332,0.838356,0.621973,0.718657,0.350768,0.278281,0.284587,5.593668,3.466127,0.865299,1.334782,0.342381,4,4,4,4,4,sad
1557649025.43017,4.327133,2.556165,1.339681,0.651907,0.431142,0.964746,0.868628,0.783719,0.744534,0.423239,8.603922,4.963803,2.153821,1.00437,0.842073,0.592828,0.752148,0.367658,0.244336,0.284928,5.348963,3.408097,1.019605,1.179742,0.324862,4,4,4,4,4,sad
1557649025.55612,4.814224,2.298621,1.445568,0.712304,0.449244,0.978965,0.832465,0.932079,0.712243,0.386212,10.310991,4.826279,1.824801,1.10724,0.859095,0.589762,0.724137,0.392646,0.232473,0.293545,5.033878,3.122288,1.171931,1.036043,0.325076,4,4,4,4,4,sad
1557649025.68248,5.049596,1.98737,1.446801,0.773011,0.470957,1.051447,0.742486,1.029291,0.677742,0.362589,13.647522,4.278259,1.52939,1.190172,0.88455,0.558176,0.643085,0.423248,0.248556,0.304253,4.671551,2.635168,1.305823,0.936039,0.346417,4,4,4,4,4,sad
1557649025.80853,4.827012,1.642183,1.375456,0.813642,0.501659,1.146954,0.614029,1.061541,0.631958,0.360152,18.107884,3.580066,1.284562,1.240617,0.906514,0.524877,0.538051,0.474948,0.287725,0.314781,4.121233,2.057192,1.427032,0.885098,0.391435,4,4,4,4,4,sad
1557649025.93458,4.265156,1.318194,1.279778,0.816089,0.549242,1.231622,0.480883,1.040441,0.57689,0.37796,22.540862,3.016584,1.122558,1.255608,0.914915,0.482336,0.454108,0.561726,0.336345,0.327077,3.550079,1.529508,1.526877,0.865667,0.458279,4,4,4,4,4,sad
1557649026.06094,3.421125,1.118664,1.225555,0.776473,0.61737,1.27654,0.389681,0.996191,0.524781,0.407445,25.46038,2.843176,1.056062,1.257042,0.905399,0.459633,0.436236,0.684034,0.380108,0.342902,3.026086,1.186811,1.620628,0.852467,0.536174,4,4,4,4,4,sad
1557649026.18689,3.385359,1.165418,1.226775,0.709844,0.698127,1.248759,0.374068,0.952289,0.490684,0.436754,25.943559,3.317119,1.1185,1.300802,0.879139,0.45947,0.498551,0.814996,0.409452,0.360353,2.85456,1.141735,1.680526,0.830595,0.6062,4,4,4,4,4,sad
1557649026.31285,6.543348,1.64707,1.27126,0.636472,0.773278,1.257788,0.451471,0.922032,0.48364,0.455381,23.914542,4.539108,1.385884,1.447298,0.841614,0.48134,0.615565,0.912185,0.419525,0.374159,3.925424,1.486335,1.691714,0.803258,0.646985,4,4,4,4,4,sad
1557649026.4388,14.951415,2.59156,1.335339,0.575679,0.82386,1.448221,0.61099,0.910512,0.501301,0.457864,20.201078,6.345729,1.903093,1.723538,0.801033,0.527139,0.735495,0.932156,0.408323,0.378368,6.882037,2.185551,1.672701,0.781212,0.643722,4,4,4,4,4,sad
1557649026.56495,28.845641,3.846102,1.406472,0.541951,0.837961,1.890131,0.836678,0.920726,0.528613,0.445163,15.982343,8.369062,2.634139,2.081597,0.764284,0.581263,0.807762,0.855605,0.378334,0.368839,12.021717,3.139001,1.703002,0.775492,0.595014,4,4,4,4,4,sad
1557649026.69121,45.716254,5.105198,1.459562,0.545952,0.815707,2.665882,1.116074,0.957721,0.546222,0.423708,12.191461,10.141877,3.396314,2.406216,0.732727,0.623924,0.801838,0.691087,0.338363,0.345688,18.44257,4.173031,1.851651,0.794426,0.513835,4,4,4,4,4,sad
1557649026.81716,60.658211,5.984184,1.483743,0.592647,0.766759,3.543369,1.430209,1.038858,0.548777,0.400334,9.621123,11.212771,3.978305,2.575912,0.704037,0.648635,0.720326,0.480084,0.30046,0.314772,24.452499,5.025789,2.136377,0.841232,0.423424,4,4,4,4,4,sad
1557649026.94312,69.098145,6.203408,1.481272,0.687224,0.708286,4.319517,1.749509,1.168703,0.539285,0.380361,7.978701,11.309762,4.201357,2.514784,0.674162,0.65169,0.600484,0.284123,0.273909,0.284525,28.405395,5.453103,2.507161,0.913846,0.352349,4,4,4,4,4,sad
1557649027.06917,67.642064,5.747636,1.466879,0.834607,0.657351,4.724061,2.063273,1.392807,0.546388,0.380631,6.847597,10.493866,4.001954,2.230068,0.641488,0.646483,0.493652,0.158491,0.2695,0.261585,28.357086,5.375842,2.850963,1.007281,0.321712,4,4,4,4,4,sad
1557649027.19583,57.504416,4.817635,1.467593,1.025047,0.622999,4.840583,2.391968,1.853042,0.653533,0.443714,6.045089,9.090137,3.463843,1.816776,0.606515,0.633593,0.432534,0.127219,0.294203,0.248569,25.211804,4.903663,3.038869,1.114087,0.33904,4,4,4,4,4,sad
1557649027.32138,42.136272,3.79031,1.515141,1.224922,0.60474,5.428089,2.781592,2.681554,0.965946,0.624393,5.571772,7.566,2.759163,1.410777,0.571483,0.595149,0.415269,0.175515,0.346815,0.244815,19.821406,4.345429,2.978716,1.220944,0.397332,4,4,4,4,4,sad
1557649027.44783,25.702349,3.045225,1.642506,1.385918,0.594807,6.708832,3.298725,3.932682,1.52266,0.950493,5.569028,6.292936,2.088662,1.122147,0.541584,0.610341,0.415789,0.268114,0.416493,0.247245,13.599651,4.047077,2.702611,1.311056,0.480095,4,4,4,4,4,sad
1557649027.57379,13.36641,2.786021,1.844626,1.462405,0.582888,9.100728,3.965833,5.483555,2.255513,1.386197,6.408809,5.408657,1.604743,0.989352,0.525051,0.658252,0.402468,0.371673,0.487491,0.251807,9.080635,4.157257,2.313968,1.368511,0.565549,4,4,4,4,4,sad
1557649027.69984,5.908767,3.004227,2.082606,1.430039,0.563883,12.694393,4.771741,7.019049,2.995251,1.827785,8.087288,4.849949,1.357051,0.974918,0.529158,0.784406,0.364928,0.465769,0.547571,0.255063,6.292821,4.595729,1.988754,1.383018,0.632782,4,4,4,4,4,sad
1557649027.826,3.029082,3.468239,2.26858,1.300495,0.539145,16.056369,5.590397,8.106698,3.526754,2.138946,9.872413,4.456094,1.284128,1.004679,0.552495,0.934077,0.318237,0.536372,0.588538,0.253852,5.28478,5.070283,1.826269,1.356293,0.666906,4,4,4,4,4,sad
1557649027.95185,2.267962,3.899341,2.336656,1.118649,0.510333,18.361071,6.235321,8.388435,3.681683,2.212624,11.573951,4.155542,1.290907,1.036418,0.580519,1.094615,0.298276,0.573536,0.605014,0.246971,5.081577,5.321614,1.872251,1.303313,0.661243,4,4,4,4,4,sad
1557649028.07791,2.307165,4.122015,2.266799,0.945965,0.481572,19.120305,6.507757,7.744073,3.420241,2.026776,12.749609,3.98819,1.392452,1.073113,0.592754,1.229032,0.335637,0.579665,0.595567,0.237929,5.196097,5.220438,2.081051,1.24747,0.621932,4,4,4,4,4,sad
1557649028.20386,2.570502,4.117046,2.10861,0.835161,0.460913,17.160367,6.26374,6.34759,2.846342,1.656757,13.474213,4.000478,1.644043,1.129225,0.575624,1.288492,0.437855,0.5615,0.563364,0.233759,5.3741,4.804908,2.386776,1.205738,0.567115,4,4,4,4,4,sad
1557649028.32982,3.094525,3.950876,1.931942,0.812255,0.455314,14.337631,5.509947,4.59151,2.153875,1.23768,13.584564,4.18769,2.054132,1.202414,0.530023,1.288701,0.590952,0.531414,0.515191,0.241366,5.921014,4.243667,2.706573,1.18312,0.518044,4,4,4,4,4,sad
1557649028.45597,3.659962,3.709869,1.773638,0.87314,0.464648,10.192291,4.399274,2.906815,1.538493,0.89671,13.106526,4.496116,2.532427,1.267936,0.469346,1.211693,0.769348,0.503486,0.459848,0.263908,6.629019,3.745317,2.92483,1.16766,0.489711,4,4,4,4,4,sad
1557649028.58223,4.200942,3.46094,1.647894,0.986639,0.48291,6.910068,3.21903,1.624464,1.108578,0.697232,12.086106,4.822441,2.919165,1.294984,0.412503,1.106358,0.950791,0.487115,0.405247,0.300534,7.489248,3.45001,2.952334,1.138903,0.487669,4,4,4,4,4,sad
1557649028.70818,4.578224,3.228073,1.551684,1.117683,0.502332,4.234248,2.270246,0.876774,0.868282,0.622068,10.65662,5.039091,3.07766,1.269766,0.377156,0.994537,1.111674,0.486931,0.358351,0.346242,7.995157,3.347586,2.75699,1.082737,0.508114,4,4,4,4,4,sad
1557649028.83444,4.837631,3.053856,1.488232,1.246316,0.517016,2.768538,1.72818,0.593272,0.753215,0.6066,9.033908,5.103861,2.961387,1.203888,0.374267,0.891775,1.226116,0.498368,0.325786,0.392049,8.131972,3.380495,2.404196,0.997495,0.543646,4,4,4,4,4,sad
1557649028.96059,4.992711,3.010931,1.493078,1.356636,0.521335,2.081619,1.586404,0.581537,0.694881,0.594633,7.337796,5.155234,2.687102,1.126493,0.402689,0.78838,1.272965,0.514384,0.312317,0.42806,7.758449,3.523328,2.032521,0.890901,0.584866,4,4,4,4,4,sad
1557649029.08675,5.111845,3.137366,1.590562,1.434013,0.512549,2.113457,1.688509,0.667168,0.667918,0.572171,5.894572,5.394249,2.497998,1.076312,0.449742,0.679189,1.239868,0.522603,0.314762,0.447522,7.074859,3.76032,1.776573,0.779906,0.622619,4,4,4,4,4,sad
1557649029.2128,5.066568,3.390335,1.772695,1.465062,0.496418,2.006674,1.891243,0.775179,0.666467,0.555874,5.140735,5.956712,2.624789,1.083003,0.498663,0.582236,1.13453,0.515914,0.321532,0.448603,6.150809,4.038128,1.699235,0.685399,0.650605,4,4,4,4,4,sad
1557649029.33886,4.858146,3.626334,2.04332,1.43648,0.482934,1.83843,2.031643,0.890053,0.680897,0.562745,5.297995,6.780038,3.134871,1.154971,0.538545,0.482352,0.981088,0.511112,0.320763,0.434111,5.188274,4.261603,1.812889,0.621702,0.663695,4,4,4,4,4,sad
1557649029.46481,4.549587,3.712966,2.48948,1.353701,0.481362,1.69802,2.012304,1.022666,0.692556,0.596056,7.079888,7.564522,3.887992,1.277305,0.567466,0.443575,0.813667,0.542284,0.305642,0.408901,4.576415,4.311264,2.092754,0.598683,0.658228,4,4,4,4,4,sad
1557649029.59087,4.238493,3.713076,3.199244,1.246671,0.494561,1.588741,1.847969,1.188703,0.6884,0.643315,10.295456,7.944569,4.590672,1.420907,0.588218,0.484549,0.675105,0.638795,0.278801,0.377633,4.407227,4.142663,2.483574,0.634316,0.63393,4,4,4,4,4,sad
1557649029.71682,4.05304,3.815554,4.146286,1.171164,0.518679,1.626661,1.640774,1.398218,0.674612,0.682611,14.108086,7.710507,4.99595,1.549686,0.602955,0.581115,0.597557,0.799769,0.252999,0.344699,4.429964,3.822353,2.904938,0.746113,0.595317,4,4,4,4,4,sad
1557649029.84298,4.215346,4.131934,5.158359,1.180292,0.548195,1.942724,1.478184,1.648915,0.673908,0.694782,17.80769,6.89031,5.028222,1.638305,0.613804,0.7403,0.579544,0.984156,0.245307,0.315187,4.829666,3.449277,3.256999,0.931095,0.552213,4,4,4,4,4,sad
1557649029.96913,4.424121,4.656119,5.947214,1.297853,0.578755,2.230228,1.408266,1.909873,0.710529,0.671375,20.359881,5.728047,4.780572,1.674808,0.626337,0.879244,0.59091,1.125289,0.268317,0.29577,4.908777,3.138188,3.438416,1.159174,0.517586,4,4,4,4,4,sad
1557649030.09519,4.69462,5.224706,6.239184,1.495438,0.605732,2.674112,1.394003,2.132648,0.793565,0.619405,21.29384,4.583726,4.431768,1.657958,0.646988,1.034258,0.594058,1.164416,0.324748,0.291894,5.027578,2.929988,3.373294,1.380255,0.502004,4,4,4,4,4,sad
1557649030.22135,4.652259,5.613948,5.910362,1.701716,0.624093,2.74167,1.379674,2.271216,0.913922,0.560192,20.517344,3.745564,4.140546,1.603648,0.68068,1.181609,0.574651,1.082467,0.404586,0.304765,4.901098,2.819739,3.052444,1.55118,0.507237,4,4,4,4,4,sad
1557649030.3476,4.35954,5.598242,5.021358,1.830867,0.632971,2.687304,1.302958,2.277071,1.042271,0.519124,18.405232,3.322913,3.934945,1.533889,0.729119,1.350825,0.536957,0.904751,0.490089,0.330688,5.040909,2.712208,2.528772,1.644071,0.523518,4,4,4,4,4,sad
1557649030.47386,3.75831,5.129095,3.830306,1.827993,0.635892,2.289628,1.178039,2.140092,1.1367,0.511969,15.561151,3.254004,3.724539,1.460916,0.787835,1.494224,0.499701,0.688495,0.5604,0.3601,5.414098,2.536903,1.930748,1.650483,0.536687,4,4,4,4,4,sad
1557649030.59961,3.071791,4.32538,2.638517,1.690239,0.635841,1.882301,1.044252,1.86864,1.167559,0.535764,12.697714,3.354125,3.381751,1.402416,0.846938,1.597447,0.479412,0.498328,0.59942,0.379378,6.007219,2.274079,1.389343,1.577527,0.534818,4,4,4,4,4,sad
1557649030.72577,2.416479,3.421875,1.691922,1.461546,0.632836,1.550858,0.943114,1.509702,1.132453,0.570805,10.162918,3.445004,2.87246,1.375955,0.893239,1.591285,0.478626,0.375182,0.60107,0.376986,6.442918,1.957299,1.015257,1.45478,0.51442,4,4,4,4,4,sad
1557649030.85182,1.891904,2.632087,1.076512,1.210403,0.625831,1.362276,0.896627,1.141479,1.063144,0.592756,8.515871,3.436415,2.29847,1.402725,0.916182,1.468626,0.489006,0.323668,0.573153,0.350206,6.398755,1.632734,0.85277,1.328846,0.480348,4,4,4,4,4,sad
1557649030.97788,1.580828,2.094349,0.748595,0.997235,0.614199,1.344267,0.896312,0.835885,0.993565,0.585138,7.328523,3.348078,1.816697,1.488872,0.914544,1.248252,0.495467,0.319506,0.532819,0.305978,5.836932,1.343802,0.880286,1.239491,0.441052,4,4,4,4,4,sad
1557649031.10384,1.51098,1.828559,0.605899,0.849527,0.599809,1.343669,0.902491,0.626731,0.939603,0.546476,6.803452,3.259114,1.557337,1.618079,0.893115,0.976605,0.482441,0.330469,0.498618,0.25704,4.838366,1.136168,1.025208,1.194225,0.406409,4,4,4,4,4,sad
1557649031.22999,1.728592,1.828326,0.588721,0.76404,0.587903,1.334406,0.874822,0.500072,0.895127,0.488985,6.464711,3.211016,1.577221,1.74951,0.861519,0.710596,0.444818,0.334161,0.47947,0.216442,3.812891,1.063966,1.209306,1.17478,0.38745,4,4,4,4,4,sad
1557649031.35625,2.347952,2.115752,0.710753,0.72797,0.585262,1.234224,0.79829,0.420504,0.846928,0.432609,6.9083,3.2059,1.828834,1.82576,0.826947,0.498289,0.397811,0.326217,0.473294,0.192681,3.195784,1.176892,1.378386,1.163797,0.394591,4,4,4,4,4,sad
1557649031.4822,3.609418,2.649069,0.994783,0.731667,0.594824,1.189675,0.683715,0.362344,0.781938,0.395765,7.774104,3.191651,2.195563,1.800674,0.790639,0.383557,0.362977,0.311814,0.471077,0.188788,3.450539,1.458453,1.497948,1.148003,0.432889,4,4,4,4,4,sad
1557649031.60826,5.339176,3.277315,1.39599,0.772582,0.612739,1.224827,0.556404,0.334517,0.700652,0.386493,9.71156,3.116741,2.555732,1.668943,0.752568,0.361471,0.349925,0.295269,0.461793,0.202177,4.529889,1.818504,1.545627,1.115264,0.497368,4,4,4,4,4,sad
1557649031.73431,7.302232,3.808975,1.809186,0.84893,0.627326,1.452195,0.452127,0.370923,0.616595,0.398521,11.877185,3.095575,2.870488,1.469804,0.714747,0.413091,0.35448,0.277296,0.438816,0.225798,6.225409,2.149295,1.523836,1.061491,0.571639,4,4,4,4,4,sad
1557649031.86077,8.992243,4.064405,2.109459,0.951627,0.626427,1.734291,0.396849,0.491485,0.542135,0.416892,14.03832,3.384736,3.152237,1.26118,0.681082,0.493821,0.367703,0.256586,0.402739,0.252856,8.037694,2.365689,1.44371,0.984894,0.63528,4,4,4,4,4,sad
1557649031.98653,10.053106,3.961958,2.252795,1.068783,0.603374,2.063306,0.410149,0.68681,0.48782,0.428072,15.586163,4.182118,3.435935,1.098167,0.65271,0.587352,0.379553,0.234864,0.363157,0.278388,9.596043,2.416118,1.355072,0.891906,0.670223,4,4,4,4,4,sad
1557649032.11278,10.273932,3.535452,2.253655,1.190295,0.563263,2.210461,0.492551,0.929299,0.459839,0.424983,16.266868,5.426904,3.747223,1.023869,0.626435,0.652528,0.385498,0.217362,0.332845,0.298756,10.845124,2.311052,1.305476,0.795527,0.666347,4,4,4,4,4,sad
1557649032.23884,9.706013,2.935596,2.185402,1.304227,0.522126,2.190602,0.638959,1.178667,0.457601,0.407861,15.863543,6.833065,4.114744,1.047547,0.600419,0.688768,0.388494,0.220267,0.321841,0.311929,11.555966,2.120214,1.348797,0.708655,0.625338,4,4,4,4,4,sad
1557649032.3648,8.738834,2.362965,2.108057,1.392971,0.496375,1.98016,0.836771,1.398166,0.477447,0.383665,14.553859,7.990127,4.524387,1.150509,0.574053,0.694076,0.39597,0.259199,0.333132,0.31854,11.876911,1.938018,1.47824,0.637737,0.560134,4,4,4,4,4,sad
1557649032.49085,7.616742,1.954445,2.051263,1.43778,0.491195,1.7433,1.079067,1.559177,0.522407,0.363672,12.788758,8.571523,4.924562,1.308411,0.554114,0.696724,0.424114,0.33802,0.363875,0.321321,11.678138,1.836916,1.63123,0.59104,0.491881,4,4,4,4,4,sad
1557649032.61701,6.698264,1.738368,2.025591,1.422617,0.499199,1.663119,1.356817,1.648424,0.601,0.35789,10.899564,8.456895,5.181656,1.486119,0.554126,0.744645,0.486235,0.439982,0.410859,0.326294,10.936074,1.853801,1.775392,0.577526,0.444582,4,4,4,4,4,sad
1557649032.74317,6.037744,1.683651,2.017708,1.35864,0.507232,1.883598,1.63682,1.662751,0.716162,0.369503,9.170521,7.845419,5.13342,1.646566,0.585483,0.871839,0.577112,0.533771,0.472709,0.33913,9.740462,1.99678,1.90104,0.610587,0.434747,4,4,4,4,4,sad
1557649032.86892,5.55416,1.722937,2.002331,1.296705,0.504601,2.403021,1.887539,1.632262,0.85529,0.391697,7.666776,7.095419,4.686532,1.761882,0.650107,1.076156,0.67484,0.586836,0.543213,0.361073,8.127854,2.266525,2.013652,0.702381,0.465528,4,4,4,4,4,sad
1557649032.99488,5.296007,1.855574,1.953791,1.303525,0.493445,3.056591,2.091,1.610716,0.9926,0.413031,6.622942,6.532366,3.904894,1.815619,0.734962,1.32186,0.745628,0.579553,0.609634,0.388326,6.62843,2.651902,2.109528,0.852641,0.526424,4,4,4,4,4,sad
1557649033.12124,5.720336,2.161749,1.90146,1.420518,0.487414,3.610507,2.236299,1.630991,1.095079,0.425931,6.037126,6.256863,2.965446,1.80092,0.816111,1.549115,0.765823,0.517989,0.655141,0.414545,5.668833,3.11866,2.193653,1.037494,0.5963,4,4,4,4,4,sad
1557649033.24739,7.412565,2.644272,1.892048,1.638581,0.502789,3.867019,2.322756,1.678762,1.132576,0.432045,5.882445,6.104017,2.055294,1.727402,0.867714,1.702493,0.733577,0.424723,0.666488,0.434159,5.871363,3.552823,2.232117,1.218886,0.650756,4,4,4,4,4,sad
1557649033.37315,10.440607,3.189462,1.987203,1.894004,0.548083,3.760423,2.361016,1.71135,1.093392,0.442048,5.886238,5.844131,1.351435,1.620952,0.871816,1.733703,0.667464,0.329968,0.642677,0.443685,7.103345,3.838399,2.192108,1.348416,0.670715,4,4,4,4,4,sad
1557649033.4994,14.296778,3.692899,2.223114,2.089334,0.616976,3.340267,2.388275,1.670081,0.985387,0.467138,5.827171,5.398023,0.941394,1.504452,0.82784,1.645222,0.595485,0.257695,0.594464,0.440695,9.043449,3.954092,2.052524,1.383677,0.650865,4,4,4,4,4,sad
1557649033.62586,17.838395,4.069084,2.569636,2.133594,0.689214,2.803764,2.433719,1.520004,0.833191,0.509866,5.757713,4.869994,0.841498,1.398553,0.754004,1.476853,0.542418,0.219151,0.537647,0.424452,10.99264,3.936215,1.825239,1.311942,0.604818,4,4,4,4,4,sad
1557649033.75182,20.00154,4.306723,2.935272,1.993649,0.738968,2.320645,2.504704,1.275239,0.673395,0.560427,5.569821,4.463134,0.986739,1.322977,0.675954,1.265789,0.524716,0.218199,0.490706,0.397153,12.388836,3.86581,1.560053,1.16099,0.559136,4,4,4,4,4,sad
1557649033.87788,20.035716,4.436223,3.205032,1.70967,0.746913,2.057342,2.568728,0.99807,0.546321,0.600092,5.289088,4.327902,1.269918,1.29007,0.612181,1.093041,0.5633,0.264068,0.470609,0.363206,12.715797,3.826446,1.345482,0.988829,0.539912,4,4,4,4,4,sad
1557649034.00383,18.241581,4.507973,3.328465,1.368834,0.708838,1.988113,2.58105,0.787377,0.476013,0.60963,4.903393,4.50501,1.588436,1.294258,0.567821,1.009006,0.670222,0.375606,0.485474,0.325701,12.152044,3.829498,1.260934,0.86195,0.558195,4,4,4,4,4,sad
1557649034.12989,15.299151,4.559585,3.313929,1.059042,0.634628,2.042816,2.507133,0.697594,0.465212,0.578861,4.697453,4.909442,1.88467,1.303772,0.536005,1.031724,0.840366,0.554827,0.530765,0.287579,11.040643,3.855487,1.329909,0.827696,0.602189,4,4,4,4,4,sad
1557649034.25595,12.438046,4.553514,3.221855,0.836231,0.542658,2.099966,2.332398,0.730157,0.500773,0.512404,4.964584,5.359242,2.09131,1.280994,0.504052,1.13214,1.0377,0.775866,0.590228,0.251743,10.093331,3.870737,1.515069,0.891326,0.645328,4,4,4,4,4,sad
1557649034.3819,10.259108,4.409068,3.099191,0.710944,0.454068,2.076308,2.072651,0.825614,0.566432,0.4288,5.956826,5.651208,2.151152,1.206595,0.463817,1.2465,1.20411,0.984163,0.642973,0.221049,9.530041,3.800653,1.747444,1.012499,0.661955,4,4,4,4,4,sad
1557649034.50816,9.136708,4.085661,2.948465,0.663586,0.386454,1.957276,1.750698,0.905059,0.649588,0.353746,7.529662,5.639892,2.042454,1.095694,0.41729,1.326187,1.275666,1.118987,0.6718,0.198284,9.72863,3.609182,1.924097,1.130124,0.639869,4,4,4,4,4,sad
1557649034.63412,8.673254,3.6014,2.749478,0.672678,0.348061,1.769175,1.399147,0.918999,0.740468,0.31064,9.080153,5.2891,1.798711,0.992894,0.375315,1.318889,1.216863,1.139461,0.666123,0.184807,10.332981,3.320712,1.976493,1.196638,0.582249,4,4,4,4,4,sad
1557649034.76037,8.309241,3.056783,2.502494,0.717062,0.336343,1.582907,1.08174,0.885011,0.83019,0.311957,9.983258,4.676189,1.506267,0.94446,0.357588,1.21437,1.044091,1.04299,0.623329,0.180435,11.229336,3.035366,1.908838,1.194265,0.507659,4,4,4,4,4,sad
1557649034.88633,7.612201,2.570862,2.228807,0.777352,0.341075,1.46426,0.859387,0.847022,0.91162,0.354394,9.79239,3.951233,1.238575,0.968365,0.386528,1.034805,0.813232,0.857399,0.547955,0.184419,11.946807,2.82612,1.768308,1.138059,0.446066,4,4,4,4,4,sad
1557649035.01259,6.593061,2.21018,1.976332,0.838422,0.353857,1.434802,0.760659,0.849393,0.978424,0.420694,8.40644,3.269283,1.032311,1.050572,0.474353,0.850143,0.605786,0.634016,0.453009,0.196183,12.363801,2.727074,1.624782,1.064824,0.427649,4,4,4,4,4,sad
1557649035.13885,5.601567,2.010678,1.836434,0.88888,0.372994,1.531827,0.768809,0.925529,1.022578,0.487357,6.317456,2.735157,0.886558,1.15657,0.619518,0.759046,0.485311,0.434983,0.359943,0.214582,12.496435,2.804845,1.553683,1.011701,0.470101,4,4,4,4,4,sad
1557649035.2648,4.822,1.936855,1.935498,0.919336,0.39791,1.657501,0.845169,1.128616,1.033045,0.534416,4.371473,2.39942,0.827519,1.252777,0.804191,0.798414,0.46938,0.317702,0.285759,0.237393,12.315879,3.076151,1.651525,0.998582,0.569708,4,4,4,4,4,sad
1557649035.39076,4.282803,1.919551,2.348902,0.923028,0.425202,1.785993,0.985521,1.49228,1.002805,0.553026,3.286523,2.2839,0.916898,1.317115,0.99198,0.973393,0.532937,0.313639,0.239497,0.261642,11.868419,3.454984,1.997668,1.022193,0.699893,4,4,4,4,4,sad
1557649035.51682,3.899775,1.890402,3.012278,0.897206,0.44964,1.803651,1.224238,1.985168,0.932832,0.548027,3.29568,2.431551,1.212918,1.334707,1.135515,1.208981,0.632948,0.413491,0.221665,0.283681,10.864673,3.771566,2.575258,1.059239,0.820371,4,4,4,4,4,sad
1557649035.64287,3.611868,1.806428,3.744668,0.840743,0.466726,1.73249,1.583218,2.503005,0.833936,0.53495,4.410768,2.887001,1.71926,1.303736,1.193616,1.443176,0.727459,0.573143,0.226873,0.300122,9.483774,3.850887,3.246511,1.075294,0.893911,4,4,4,4,4,sad
1557649035.76903,3.328046,1.659277,4.323827,0.755535,0.473831,1.589645,2.041631,2.907336,0.722408,0.528159,6.690933,3.677349,2.34164,1.231391,1.147484,1.557403,0.793617,0.735052,0.244261,0.30816,7.776488,3.616854,3.816149,1.041507,0.898791,4,4,4,4,4,sad
1557649035.89499,2.999814,1.489349,4.571286,0.656132,0.471561,1.479505,2.524555,3.068489,0.621779,0.531453,9.917469,4.685515,2.88903,1.134421,1.00958,1.516213,0.816647,0.8528,0.260198,0.305973,5.991547,3.120741,4.092649,0.960798,0.835327,4,4,4,4,4,sad
1557649036.02095,2.617305,1.357944,4.403209,0.570367,0.46354,1.505148,2.915018,2.915764,0.562049,0.537219,13.386291,5.610469,3.175324,1.024942,0.81794,1.310898,0.790864,0.892158,0.269035,0.295091,4.224969,2.547784,3.966478,0.86993,0.724835,4,4,4,4,4,sad
1557649036.147,2.288269,1.322225,3.87637,0.527741,0.454679,1.706043,3.097815,2.482821,0.564867,0.534307,16.112335,6.155814,3.107851,0.916632,0.621188,1.037447,0.729209,0.842738,0.272136,0.280287,2.801875,2.097502,3.479871,0.824809,0.600534,4,4,4,4,4,sad
1557649036.27326,2.090004,1.383072,3.165096,0.550378,0.449699,2.05416,3.00326,1.902613,0.633823,0.51809,17.194413,6.107121,2.733395,0.821391,0.463839,0.765504,0.665975,0.726212,0.274663,0.267624,1.837894,1.867348,2.788864,0.87779,0.493633,4,4,4,4,4,sad
1557649036.39942,2.025098,1.512626,2.48565,0.641447,0.450442,2.391217,2.637614,1.347614,0.748234,0.494484,16.29788,5.456584,2.176202,0.747386,0.375001,0.551484,0.641607,0.585851,0.282108,0.262507,1.381063,1.827349,2.107512,1.047126,0.423295,4,4,4,4,4,sad
1557649036.52558,2.128529,1.682059,1.999873,0.7746,0.453222,2.621314,2.094748,0.954967,0.864842,0.473818,13.925238,4.441751,1.605865,0.697804,0.36053,0.401382,0.683464,0.462582,0.295583,0.266825,1.446715,1.902685,1.605965,1.293657,0.390382,4,4,4,4,4,sad
1557649036.65183,2.22438,1.896901,1.754973,0.90513,0.45175,2.599499,1.534378,0.768061,0.93454,0.462373,11.240193,3.432933,1.157817,0.663922,0.404071,0.316342,0.78531,0.377003,0.311221,0.2772,1.638588,2.049022,1.32951,1.536606,0.383272,4,4,4,4,4,sad
1557649036.77779,2.636041,2.163899,1.664166,1.002911,0.440861,2.283512,1.095088,0.741076,0.929376,0.457298,9.390363,2.751842,0.882495,0.641195,0.476548,0.280398,0.900728,0.322943,0.324793,0.286451,2.394633,2.275353,1.213783,1.694636,0.388092,4,4,4,4,4,sad
1557649036.90385,3.084655,2.428557,1.604998,1.062252,0.419477,1.938079,0.833202,0.772594,0.851911,0.450068,8.898881,2.550126,0.751502,0.636338,0.547992,0.272332,0.965081,0.279471,0.334556,0.288244,2.885784,2.564903,1.154943,1.72713,0.394777,4,4,4,4,4,sad
1557649037.02981,3.960666,2.630612,1.526463,1.109956,0.39249,1.540241,0.722216,0.794199,0.733215,0.433964,9.442082,2.763275,0.714247,0.653816,0.594423,0.281128,0.930561,0.232667,0.342984,0.281267,4.018782,2.855393,1.127391,1.652724,0.397065,4,4,4,4,4,sad
1557649037.15597,4.830666,2.738602,1.458138,1.166806,0.368015,1.458424,0.713372,0.79147,0.620953,0.408173,10.570287,3.174771,0.747027,0.696242,0.603762,0.31442,0.801574,0.190632,0.352906,0.270887,4.644242,3.031659,1.133981,1.517077,0.391839,4,4,4,4,4,sad
1557649037.28192,5.762533,2.738623,1.468322,1.220583,0.351883,1.465921,0.759604,0.776824,0.546135,0.377875,11.744986,3.544553,0.831984,0.76649,0.579166,0.362514,0.625315,0.169978,0.366301,0.265217,5.472721,2.99708,1.196627,1.361818,0.376955,4,4,4,4,4,sad
1557649037.40798,6.241897,2.605181,1.53735,1.240215,0.346089,1.607593,0.813268,0.758628,0.51459,0.352096,12.542961,3.72831,0.926537,0.864066,0.534347,0.442688,0.461757,0.188858,0.382931,0.269202,5.702232,2.713851,1.290645,1.207282,0.355259,4,4,4,4,4,sad
1557649037.53414,6.226306,2.32905,1.622686,1.196797,0.348269,1.716693,0.843447,0.755685,0.513761,0.341179,13.02463,3.721787,0.997276,0.982903,0.487137,0.537539,0.353928,0.270732,0.400341,0.282662,5.757222,2.261628,1.414568,1.054756,0.337796,4,4,4,4,4,sad
1557649037.6602,5.655364,1.958293,1.638077,1.084662,0.353103,1.723354,0.858109,0.774597,0.527021,0.349881,13.14906,3.563811,1.004344,1.11091,0.453228,0.66296,0.317253,0.411702,0.415027,0.300785,5.488568,1.791056,1.519599,0.896973,0.338407,4,4,4,4,4,sad
1557649037.78666,4.718453,1.600555,1.558369,0.926283,0.354838,1.658417,0.893502,0.811055,0.546255,0.374507,12.870981,3.368401,0.942882,1.228149,0.43912,0.820944,0.335815,0.583719,0.423414,0.317305,5.267988,1.434035,1.561152,0.737962,0.36392,4,4,4,4,4,sad
1557649037.91261,3.669234,1.350686,1.420465,0.766152,0.348746,1.524614,0.979087,0.843767,0.576224,0.405868,11.874801,3.302816,0.855241,1.309304,0.442286,0.966056,0.395335,0.747009,0.423228,0.328736,5.019643,1.254536,1.521877,0.597689,0.411993,4,4,4,4,4,sad
1557649038.03877,2.738875,1.270334,1.315827,0.649978,0.334591,1.353956,1.143197,0.849693,0.622781,0.434672,10.211919,3.532068,0.778152,1.328758,0.455402,1.086801,0.497596,0.863927,0.412491,0.334969,4.734917,1.209531,1.409813,0.50209,0.470946,4,4,4,4,4,sad
1557649038.16483,2.219112,1.371956,1.33857,0.610638,0.319849,1.243187,1.427263,0.819311,0.685794,0.457507,8.345598,4.165591,0.732745,1.273645,0.46982,1.171532,0.655701,0.916696,0.392173,0.336946,4.319733,1.224487,1.296747,0.475365,0.524151,4,4,4,4,4,sad
1557649038.29079,2.244912,1.608287,1.518883,0.64707,0.31525,1.133529,1.85595,0.760224,0.757315,0.475127,6.986776,5.171005,0.721577,1.156795,0.478994,1.253919,0.858163,0.908085,0.367058,0.334182,3.856961,1.227568,1.268827,0.519699,0.557398,4,4,4,4,4,sad
1557649038.41675,2.920407,1.866972,1.786208,0.725867,0.328188,1.109506,2.416446,0.694643,0.819697,0.490751,6.535345,6.326251,0.733298,1.017906,0.478967,1.367166,1.06259,0.86147,0.343318,0.324887,3.288983,1.189379,1.39248,0.61462,0.564011,4,4,4,4,4,sad
1557649038.54281,4.238722,2.047829,2.026117,0.799058,0.359363,1.048801,3.027834,0.652714,0.851116,0.50595,7.350611,7.301975,0.758216,0.899627,0.468062,1.528458,1.209725,0.822372,0.327257,0.307701,2.783575,1.111665,1.671104,0.728127,0.548827,4,4,4,4,4,sad
1557649038.66886,5.890965,2.080556,2.137618,0.834771,0.402508,1.211705,3.549025,0.646873,0.835537,0.519603,9.019972,7.780131,0.813625,0.823262,0.449781,1.794761,1.269976,0.841741,0.329348,0.284414,2.495999,1.020302,2.043868,0.835281,0.526556,4,4,4,4,4,sad
1557649038.79492,7.87214,2.005922,2.111384,0.829288,0.446287,1.259091,3.823501,0.676137,0.774556,0.527897,10.908636,7.586045,0.921633,0.780479,0.430421,2.122699,1.255386,0.943663,0.355596,0.260637,2.329227,0.953344,2.405954,0.916202,0.512196,4,4,4,4,4,sad
1557649038.92098,9.467244,1.878008,1.980929,0.797713,0.481823,1.626756,3.760957,0.727915,0.691915,0.52685,12.098355,6.748824,1.123513,0.754315,0.415545,2.504627,1.202757,1.105139,0.400346,0.245137,2.458299,0.917991,2.638988,0.956195,0.513176,4,4,4,4,4,sad
1557649039.04694,10.287588,1.785932,1.794095,0.760569,0.504364,1.655157,3.377933,0.790319,0.624663,0.513733,12.382208,5.46774,1.421096,0.749603,0.408455,2.760597,1.151593,1.266514,0.450905,0.244634,2.366435,0.924454,2.671475,0.952727,0.527701,4,4,4,4,4,sad
1557649039.1731,10.677248,1.861618,1.619415,0.743107,0.514189,1.933771,2.818684,0.846311,0.601202,0.489493,11.291582,4.041951,1.775291,0.788346,0.411818,2.917938,1.119693,1.36178,0.492686,0.258295,2.497586,0.995632,2.500361,0.912644,0.547617,4,4,4,4,4,sad
1557649039.29936,9.975558,2.211852,1.503013,0.765318,0.514091,1.893995,2.293673,0.887788,0.628276,0.460139,9.414965,2.770415,2.115119,0.886832,0.426591,2.772483,1.09321,1.355071,0.517658,0.278663,2.354582,1.152996,2.196697,0.851808,0.566013,4,4,4,4,4,sad
1557649039.42531,9.254775,2.833734,1.459835,0.824758,0.505767,1.944934,1.984279,0.904969,0.684676,0.433684,7.379304,1.866895,2.365684,1.038505,0.452731,2.475939,1.037703,1.242495,0.52138,0.2961,2.387336,1.373493,1.863425,0.78416,0.583458,4,4,4,4,4,sad
1557649039.55157,7.685663,3.633596,1.44425,0.893664,0.488236,1.946411,1.980992,0.878492,0.734219,0.414182,5.817628,1.413101,2.485085,1.207076,0.486412,1.997755,0.930736,1.053263,0.50241,0.30441,2.306658,1.652715,1.562611,0.714911,0.604946,4,4,4,4,4,sad
1557649039.67753,6.467923,4.417943,1.401259,0.939786,0.460292,2.055858,2.230695,0.810694,0.74989,0.401564,4.908502,1.341913,2.470261,1.337955,0.520161,1.496485,0.771046,0.837531,0.466093,0.302978,2.362632,1.960404,1.30301,0.651874,0.636098,4,4,4,4,4,sad
1557649039.80379,5.022108,4.979443,1.276646,0.935534,0.424248,2.240563,2.57662,0.718501,0.723767,0.393589,4.415942,1.533843,2.352868,1.389392,0.545847,1.077291,0.587851,0.641936,0.417525,0.29714,2.492436,2.253388,1.059193,0.601747,0.678126,4,4,4,4,4,sad
1557649039.92985,4.324365,5.182413,1.054301,0.876341,0.387635,2.432224,2.846955,0.628409,0.668934,0.390118,4.266307,1.85831,2.214299,1.35656,0.557117,0.820804,0.430798,0.488023,0.36423,0.295007,2.83714,2.515286,0.816744,0.577088,0.721524,4,4,4,4,4,sad
1557649040.05581,4.074583,5.056341,0.814534,0.783168,0.360068,2.579788,2.93022,0.577094,0.612322,0.392232,4.274159,2.18453,2.173011,1.27836,0.552007,0.764486,0.35003,0.381954,0.314673,0.304219,3.326103,2.774889,0.618601,0.592109,0.750933,4,4,4,4,4,sad
1557649040.18196,4.2566,4.737132,0.628725,0.683785,0.346783,2.610072,2.795271,0.596548,0.579634,0.398431,4.521331,2.391291,2.311471,1.213691,0.532372,0.840352,0.360552,0.315579,0.273896,0.327263,3.891026,3.100872,0.527633,0.650701,0.753176,4,4,4,4,4,sad
1557649040.30792,5.041398,4.405241,0.561495,0.603248,0.346696,2.470536,2.497073,0.683591,0.579325,0.404841,4.882604,2.455489,2.606039,1.201047,0.502695,0.984094,0.444959,0.286195,0.24623,0.359468,4.428226,3.543703,0.595914,0.745464,0.725854,4,4,4,4,4,sad
1557649040.43388,5.049337,4.168853,0.619896,0.567199,0.353903,2.180522,2.145383,0.81244,0.60073,0.407027,5.372508,2.446279,2.956363,1.262889,0.469189,1.042543,0.575457,0.294222,0.233937,0.390513,4.42953,4.110708,0.831269,0.862831,0.679556,4,4,4,4,4,sad
1557649040.56004,5.839023,4.048263,0.831555,0.592745,0.361413,1.863675,1.859714,0.95108,0.624515,0.403051,5.71296,2.47833,3.221743,1.404069,0.439948,1.09266,0.724049,0.339617,0.237165,0.409717,4.490697,4.699422,1.224633,0.985408,0.63191,4,4,4,4,4,sad
1557649040.6861,5.355956,4.008968,1.129048,0.679872,0.363466,1.618266,1.722871,1.069742,0.635053,0.397191,5.733475,2.66063,3.300709,1.607321,0.422926,0.961181,0.860672,0.410056,0.250284,0.411315,3.674684,5.170659,1.692228,1.095509,0.597354,4,4,4,4,4,sad
1557649040.81236,5.635363,3.961288,1.440842,0.802777,0.358725,1.57405,1.747168,1.155276,0.627061,0.39843,5.366855,3.04079,3.160792,1.835228,0.426009,0.86323,0.961126,0.488336,0.264512,0.395786,3.374116,5.363091,2.129314,1.181097,0.581452,4,4,4,4,4,sad
1557649040.93862,5.193322,3.890854,1.676006,0.920437,0.352346,1.946942,1.909986,1.212617,0.60581,0.415215,4.754287,3.580477,2.851169,2.041065,0.453867,0.682305,1.015194,0.549713,0.275075,0.368577,2.748781,5.261508,2.434241,1.237763,0.580943,4,4,4,4,4,sad
1557649041.06468,5.71737,3.8706,1.798001,0.992504,0.351252,2.465333,2.188655,1.264669,0.581834,0.454051,4.292527,4.15572,2.461724,2.178584,0.50417,0.605006,1.027956,0.57661,0.28134,0.337424,3.126059,4.972527,2.556132,1.26467,0.587135,4,4,4,4,4,sad
1557649041.19053,7.944438,4.273854,1.882209,0.997939,0.358466,3.235755,2.55132,1.344277,0.561988,0.518133,3.760149,4.595221,2.081796,2.214481,0.563919,0.529501,1.005117,0.554501,0.285693,0.308984,4.369588,4.749662,2.537097,1.264599,0.590584,4,4,4,4,4,sad
1557649041.31689,15.622013,5.450808,2.061171,0.950251,0.374016,4.532349,2.920908,1.466282,0.545688,0.602902,3.934623,4.792997,1.774375,2.148038,0.615031,0.545844,0.950871,0.482312,0.290847,0.286595,8.58373,4.727909,2.448138,1.24497,0.58508,4,4,4,4,4,sad
1557649041.44285,32.409432,7.548032,2.447682,0.899515,0.397623,6.851658,3.206845,1.630042,0.535392,0.695621,4.280145,4.752268,1.570078,2.032233,0.642075,0.574925,0.879787,0.376174,0.297954,0.27058,17.440134,5.030782,2.388646,1.227175,0.567184,4,4,4,4,4,sad
1557649041.56881,56.450839,10.249894,3.010281,0.901204,0.428736,10.219357,3.297138,1.809516,0.539564,0.776042,5.440049,4.59243,1.491091,1.951434,0.637855,0.673667,0.829848,0.273471,0.30643,0.259169,30.258019,5.635167,2.405935,1.238386,0.535998,4,4,4,4,4,sad
1557649041.69477,84.390225,12.904836,3.59795,0.987717,0.465486,14.358507,3.130212,1.971968,0.569649,0.822247,6.726595,4.522222,1.592799,1.975098,0.605112,0.832614,0.851077,0.224653,0.314457,0.250845,46.29857,6.460991,2.556852,1.30844,0.495141,4,4,4,4,4,sad
1557649041.82083,106.948768,14.699215,4.021172,1.144469,0.503331,18.092082,2.714317,2.091431,0.631192,0.817893,8.364406,4.719388,1.921204,2.107944,0.555088,1.07594,0.970521,0.262111,0.32507,0.246473,59.630445,7.291821,2.840976,1.442837,0.453583,4,4,4,4,4,sad
1557649041.94699,115.924706,14.989931,4.173646,1.310366,0.535277,20.407188,2.144076,2.155609,0.712013,0.759573,9.872287,5.158512,2.449303,2.278239,0.503846,1.375024,1.165954,0.385289,0.345494,0.249915,66.792404,7.857996,3.249436,1.601787,0.425533,4,4,4,4,4,sad
1557649042.07305,109.766139,13.616508,4.067526,1.410251,0.555469,20.503484,1.576136,2.19171,0.786667,0.661509,10.937885,5.644995,3.007818,2.377942,0.468181,1.651463,1.369602,0.559654,0.379092,0.26456,65.286918,7.96576,3.742701,1.71629,0.424899,4,4,4,4,4,sad
1557649042.19901,87.304745,11.03767,3.786717,1.398365,0.561477,17.972749,1.174847,2.228448,0.827695,0.551504,11.234806,5.914055,3.40428,2.329381,0.463,1.839457,1.496828,0.725082,0.421117,0.28938,54.391792,7.598907,4.223431,1.725821,0.457201,4,4,4,4,4,sad
1557649042.32537,60.758034,8.103498,3.482722,1.280375,0.552028,14.060907,1.025983,2.298913,0.820026,0.458773,10.499386,5.743417,3.493991,2.133464,0.496858,1.851008,1.488849,0.830414,0.457612,0.319574,40.058139,6.915942,4.624315,1.605741,0.513081,4,4,4,4,4,sad
1557649042.45133,33.279291,5.580144,3.178998,1.097203,0.52721,9.198512,1.100956,2.376266,0.763964,0.403151,9.023815,5.111827,3.271281,1.843788,0.566116,1.688551,1.351185,0.849863,0.470817,0.348911,23.678461,6.099318,4.826425,1.376445,0.572994,4,4,4,4,4,sad
1557649042.57758,15.772062,3.925893,2.922301,0.901548,0.491963,5.352158,1.317155,2.427657,0.674953,0.388594,7.080028,4.197978,2.853774,1.533913,0.654861,1.421817,1.161595,0.798536,0.451316,0.372388,12.56186,5.403729,4.834083,1.092278,0.61378,4,4,4,4,4,sad
1557649042.70384,5.502505,3.080164,2.608841,0.739285,0.455577,2.458159,1.554877,2.388014,0.585594,0.403189,5.235545,3.258486,2.447029,1.276528,0.738797,1.157287,1.010144,0.718836,0.405585,0.387371,4.888062,4.893499,4.632495,0.823503,0.618175,4,4,4,4,4,sad
1557649042.8298,2.543296,2.731929,2.221618,0.632137,0.426989,1.141341,1.716173,2.222039,0.530419,0.427085,3.954265,2.468229,2.229716,1.108558,0.793232,1.003568,0.951106,0.662191,0.348618,0.392593,2.269911,4.588266,4.347205,0.623892,0.583633,4,4,4,4,4,sad
1557649042.95596,1.743888,2.482869,1.766382,0.579845,0.408524,0.711536,1.72953,1.933908,0.525209,0.444216,3.36053,1.897896,2.259423,1.023876,0.802842,0.983517,0.970063,0.656758,0.296092,0.388452,1.228799,4.303562,4.027504,0.517466,0.520913,4,4,4,4,4,sad
1557649043.08192,1.328297,2.219115,1.411564,0.591303,0.396927,0.724353,1.597771,1.600422,0.571001,0.445742,3.394866,1.525402,2.451304,0.999467,0.770652,1.067971,1.013647,0.696824,0.264154,0.378304,1.089008,3.929447,3.743559,0.509376,0.450639,4,4,4,4,4,sad
1557649043.20788,1.214386,1.949571,1.222201,0.683117,0.391499,0.967299,1.376635,1.313374,0.665998,0.43137,3.875767,1.274919,2.649477,1.023601,0.715522,1.151485,1.012395,0.74903,0.264876,0.367275,0.969356,3.3515,3.424939,0.588003,0.395028,4,4,4,4,4,sad
1557649043.33384,1.355223,1.803158,1.193051,0.864957,0.395655,1.434271,1.157095,1.122962,0.798247,0.406792,4.548703,1.082259,2.714859,1.086834,0.661704,1.178329,0.932501,0.773005,0.30061,0.360386,1.039106,2.643682,3.019718,0.734104,0.370804,4,4,4,4,4,sad
1557649043.4599,1.815626,1.889318,1.229287,1.118542,0.413219,1.97491,1.011028,1.03165,0.94454,0.378038,5.21364,0.945809,2.588867,1.166187,0.629848,1.101759,0.781175,0.740095,0.363613,0.360444,1.250102,1.962964,2.488288,0.918818,0.382836,4,4,4,4,4,sad
1557649043.58596,2.347533,2.223662,1.242184,1.395272,0.445097,2.486914,0.958368,0.99791,1.075882,0.351031,5.727011,0.899528,2.297046,1.225313,0.62929,0.982682,0.603076,0.654312,0.439219,0.368639,1.654184,1.461487,1.883874,1.09812,0.425078,4,4,4,4,4,sad
1557649043.71212,2.915082,2.663442,1.158027,1.631997,0.488972,2.72603,0.967229,0.989391,1.170261,0.333796,6.015432,0.939763,1.91289,1.227303,0.656278,0.884956,0.444007,0.538736,0.511359,0.384788,2.28623,1.155953,1.273853,1.223331,0.483966,4,4,4,4,4,sad
1557649043.83808,3.372606,3.034284,0.968638,1.767997,0.538466,2.79568,0.987043,0.984172,1.215469,0.334061,6.040707,1.052031,1.528452,1.157634,0.696057,0.884194,0.333512,0.424899,0.564113,0.40766,2.966587,0.997462,0.751565,1.253695,0.543692,4,4,4,4,4,sad
1557649043.96454,3.708785,3.242653,0.73198,1.771446,0.586027,2.50743,0.99722,0.98316,1.210936,0.354954,5.77511,1.235604,1.240207,1.041945,0.730581,0.998547,0.286591,0.339857,0.586842,0.43482,3.693205,0.925524,0.40908,1.186544,0.593773,4,4,4,4,4,sad
1557649044.0906,4.151433,3.31177,0.511706,1.649055,0.625766,2.237873,0.999908,0.970331,1.162527,0.39017,5.293513,1.50364,1.108622,0.925955,0.74583,1.18873,0.299576,0.295358,0.579805,0.462282,4.387433,0.9171,0.2719,1.069212,0.633358,4,4,4,4,4,sad
1557649044.21676,4.5588,3.338761,0.377037,1.438062,0.653306,1.830113,1.009837,0.927689,1.078802,0.42609,4.80491,1.85449,1.168053,0.849762,0.736357,1.387734,0.358334,0.287441,0.553302,0.484545,4.746044,0.95448,0.320436,0.966518,0.663986,4,4,4,4,4,sad
1557649044.34272,5.272733,3.40776,0.356181,1.193758,0.66614,1.724331,1.034163,0.840603,0.971131,0.448785,4.498227,2.238733,1.418506,0.824707,0.705312,1.558688,0.442421,0.298427,0.518323,0.495336,5.263542,1.047784,0.497739,0.940639,0.687157,4,4,4,4,4,sad
1557649044.46878,5.938965,3.518338,0.459164,0.973901,0.662649,1.691242,1.081746,0.73322,0.85797,0.450397,4.711552,2.588839,1.832755,0.836584,0.661877,1.703068,0.523412,0.308205,0.48179,0.489048,5.480205,1.181572,0.745123,1.023065,0.702385,4,4,4,4,4,sad
1557649044.59484,6.710548,3.605111,0.661081,0.813717,0.640136,1.9977,1.158052,0.64694,0.756942,0.432395,5.278581,2.871883,2.342119,0.853348,0.614264,1.850123,0.579077,0.306101,0.44383,0.462456,6.068792,1.343655,1.003558,1.19326,0.705808,4,4,4,4,4,sad
1557649044.7209,7.133098,3.580342,0.907032,0.720028,0.596971,2.370899,1.254825,0.618306,0.678313,0.406814,6.109951,3.044335,2.835664,0.858636,0.569161,2.012161,0.594809,0.289628,0.401859,0.41841,6.411087,1.501153,1.217931,1.388792,0.693345,4,4,4,4,4,sad
1557649044.84686,7.253581,3.365477,1.130939,0.684069,0.536,2.77947,1.342605,0.653962,0.625943,0.389878,6.750371,3.089782,3.178494,0.85613,0.533545,2.140356,0.565532,0.258745,0.35709,0.368154,6.719486,1.617879,1.355438,1.5358,0.662347,4,4,4,4,4,sad
1557649044.97292,6.756413,2.982378,1.265057,0.69402,0.466759,3.009954,1.389919,0.723328,0.595846,0.392423,7.092758,3.017857,3.252905,0.859799,0.513333,2.192028,0.501188,0.216805,0.316136,0.326421,6.56449,1.714225,1.413368,1.58143,0.61414,4,4,4,4,4,sad
1557649045.09908,5.891219,2.530281,1.265482,0.733187,0.404594,2.957149,1.367831,0.769856,0.57505,0.413955,6.922094,2.854958,3.03023,0.870007,0.509232,2.111075,0.421354,0.175098,0.284747,0.303772,6.064233,1.866327,1.446834,1.516839,0.554496,4,4,4,4,4,sad
1557649045.22524,5.696506,2.152361,1.15317,0.787568,0.363978,2.729898,1.283265,0.757321,0.548126,0.442934,6.387626,2.650931,2.6061,0.867823,0.517173,1.903077,0.349435,0.146347,0.264864,0.303013,5.806039,2.205658,1.547454,1.373548,0.491791,4,4,4,4,4,sad
1557649045.3513,10.509526,2.260434,1.026688,0.851662,0.352182,2.432134,1.183389,0.679294,0.508715,0.46461,5.621352,2.459422,2.133976,0.833015,0.531966,1.613945,0.310424,0.138678,0.255773,0.318777,7.814925,2.862177,1.788624,1.204142,0.436325,4,4,4,4,4,sad
1557649045.47736,25.053837,3.148596,1.005931,0.919087,0.365881,2.415367,1.133473,0.563843,0.462262,0.471742,4.884262,2.333154,1.769469,0.772803,0.547769,1.35274,0.324592,0.155788,0.254354,0.340172,14.288664,3.829439,2.152844,1.052758,0.398985,4,4,4,4,4,sad
1557649045.60362,51.14634,4.842903,1.187909,0.976876,0.395142,2.721704,1.174509,0.455184,0.419367,0.466662,4.230863,2.304744,1.614722,0.719615,0.562704,1.205406,0.4068,0.205471,0.257925,0.354756,26.024522,4.965626,2.553365,0.936647,0.392982,4,4,4,4,4,sad
1557649045.72978,84.996807,7.054121,1.591128,1.00813,0.427941,3.397999,1.320211,0.393267,0.388409,0.456637,3.67192,2.363108,1.662472,0.711099,0.580979,1.211048,0.565228,0.293868,0.266308,0.354362,41.563621,6.06717,2.898995,0.848371,0.429286,4,4,4,4,4,sad
1557649045.85574,117.647613,9.203165,2.091853,0.999414,0.454693,4.103777,1.540028,0.387029,0.372636,0.450425,3.120452,2.488247,1.804283,0.754286,0.607896,1.32058,0.798961,0.419099,0.281718,0.338609,56.750529,6.879761,3.084783,0.771496,0.508338,4,4,4,4,4,sad
1557649045.9818,139.2835,10.626561,2.511002,0.944858,0.469616,4.733006,1.760747,0.425871,0.369428,0.458578,2.536569,2.66049,1.891932,0.821385,0.646629,1.457038,1.080114,0.559936,0.301846,0.313772,67.115146,7.218555,3.07457,0.695809,0.614843,4,4,4,4,4,sad
1557649046.10786,141.474733,10.812241,2.674775,0.853324,0.469312,5.053088,1.927826,0.483906,0.376073,0.494914,2.019511,2.855213,1.858663,0.867498,0.694321,1.519353,1.35798,0.688378,0.318011,0.289034,68.761471,6.984356,2.855652,0.613827,0.721998,4,4,4,4,4,sad
1557649046.23382,124.776295,9.69457,2.521819,0.750926,0.454661,5.197239,1.998463,0.532355,0.40226,0.573621,1.74795,3.016003,1.7514,0.864453,0.742007,1.458161,1.572848,0.779813,0.321043,0.274164,61.42185,6.255402,2.480969,0.526298,0.805802,4,4,4,4,4,sad
1557649046.36008,93.258074,7.740737,2.163123,0.667718,0.432298,5.59391,1.955483,0.548716,0.463774,0.700127,1.8799,3.080086,1.642246,0.810082,0.776801,1.307452,1.677333,0.818352,0.307713,0.275189,47.144511,5.278423,2.064657,0.439646,0.854005,4,4,4,4,4,sad
1557649046.48594,58.93205,5.626114,1.798306,0.620657,0.412668,6.290918,1.837995,0.526038,0.567808,0.861765,2.458877,3.007111,1.60877,0.731523,0.788127,1.103605,1.649703,0.800583,0.284305,0.290688,30.79273,4.278726,1.718575,0.364541,0.869357,4,4,4,4,4,sad
1557649046.612,29.601304,3.9401,1.616608,0.605719,0.405852,7.389731,1.754209,0.48524,0.700561,1.025371,3.354557,2.786739,1.712708,0.663557,0.773815,0.916888,1.502399,0.737872,0.264198,0.312827,16.520782,3.418473,1.52803,0.313939,0.864111,4,4,4,4,4,sad
1557649046.73826,12.1457,2.921259,1.691149,0.600815,0.416865,8.729551,1.793451,0.470818,0.831034,1.145669,4.344863,2.440913,1.944332,0.623017,0.7408,0.797524,1.277429,0.655437,0.260726,0.33015,7.62352,2.759861,1.512544,0.300568,0.851282,4,4,4,4,4,sad
1557649046.86412,4.811357,2.498047,1.962037,0.588666,0.443304,9.927931,1.976689,0.530273,0.922417,1.184277,4.982949,2.041016,2.228683,0.607534,0.701406,0.791522,1.031966,0.577055,0.278607,0.331481,3.774416,2.329202,1.623607,0.338334,0.83628,4,4,4,4,4,sad
1557649046.99058,3.541421,2.478737,2.271356,0.581472,0.479414,10.569437,2.233114,0.678693,0.950618,1.130276,5.112989,1.69705,2.465125,0.59867,0.669156,0.89075,0.814128,0.511818,0.309752,0.311634,3.296793,2.146706,1.781144,0.428062,0.81418,4,4,4,4,4,sad
1557649047.11644,3.597415,2.716111,2.454392,0.603854,0.519186,10.49127,2.434507,0.880531,0.913912,1.003803,4.753271,1.489691,2.549819,0.582996,0.654467,1.061128,0.650157,0.452275,0.341627,0.275176,3.884604,2.209893,1.906374,0.547777,0.776049,4,4,4,4,4,sad
1557649047.2428,3.5986,3.092527,2.427896,0.679929,0.555665,9.662685,2.463636,1.069483,0.8356,0.845216,4.188135,1.519043,2.417905,0.576576,0.660319,1.239576,0.54335,0.389442,0.368656,0.233996,4.892303,2.419676,1.937811,0.670642,0.718541,4,4,4,4,4,sad
1557649047.36876,3.700526,3.529703,2.209856,0.814387,0.582067,8.375306,2.270808,1.185245,0.753082,0.69691,3.796321,1.890791,2.097495,0.613962,0.680347,1.402219,0.483047,0.323602,0.391872,0.200655,6.163754,2.674229,1.860987,0.783626,0.649576,4,4,4,4,4,sad
1557649047.49472,3.663389,3.860105,1.904835,0.978789,0.594751,6.810587,1.874303,1.194983,0.69702,0.585979,3.763986,2.643782,1.682132,0.715753,0.701301,1.518437,0.454856,0.264295,0.41612,0.183747,7.244308,2.857728,1.706448,0.891874,0.584704,4,4,4,4,4,sad
1557649047.62078,3.482975,3.922281,1.636006,1.123244,0.593333,5.303504,1.372154,1.124198,0.680779,0.517949,4.142362,3.66972,1.279141,0.871291,0.704249,1.570174,0.457707,0.215667,0.440867,0.185458,7.944454,2.87748,1.514412,1.005068,0.536262,4,4,4,4,4,sad
1557649047.74684,3.223432,3.650479,1.492843,1.196495,0.580447,4.001353,0.918149,1.055715,0.694823,0.484318,4.641972,4.74994,0.976568,1.043782,0.673855,1.544555,0.514676,0.177509,0.459808,0.201787,8.056207,2.716504,1.314985,1.129204,0.506723,4,4,4,4,4,sad
1557649047.873,2.873245,3.076108,1.473755,1.167348,0.561638,3.032722,0.625986,1.068394,0.715792,0.473194,4.9086,5.574265,0.805723,1.185988,0.607721,1.453659,0.652592,0.151194,0.462952,0.225557,7.52734,2.400195,1.115741,1.258107,0.490765,4,4,4,4,4,sad
1557649047.99886,2.643294,2.351228,1.530586,1.046394,0.545284,2.557705,0.529098,1.197637,0.72474,0.475381,4.901457,5.857021,0.743607,1.256418,0.517655,1.354037,0.866575,0.139379,0.446414,0.249634,6.715138,1.997033,0.915097,1.380387,0.481146,4,4,4,4,4,sad
1557649048.12493,2.53457,1.660781,1.594446,0.886142,0.540016,2.365789,0.56481,1.423527,0.715986,0.484335,4.630972,5.504759,0.735666,1.237347,0.423295,1.286922,1.11134,0.142991,0.417959,0.268131,5.866996,1.599995,0.717456,1.488946,0.474532,4,4,4,4,4,sad
1557649048.25119,2.606812,1.14646,1.637934,0.748648,0.550693,2.268614,0.639217,1.690504,0.690242,0.493965,4.226916,4.675417,0.742315,1.137763,0.342984,1.261914,1.321551,0.165211,0.392889,0.277229,5.232948,1.268417,0.562499,1.580534,0.471338,4,4,4,4,4,sad
1557649048.37745,2.790378,0.878072,1.665542,0.669976,0.57219,2.257813,0.69395,1.937361,0.649209,0.497527,4.01636,3.649223,0.749762,0.988188,0.28771,1.301928,1.453037,0.209155,0.383248,0.275257,4.956943,1.01505,0.496228,1.653313,0.474231,4,4,4,4,4,sad
1557649048.50341,3.085733,0.907532,1.696675,0.654192,0.591169,2.401186,0.72346,2.122051,0.59587,0.487918,4.302711,2.713665,0.754807,0.825353,0.259214,1.396789,1.496072,0.267917,0.391987,0.263011,5.307486,0.899941,0.532303,1.703597,0.482055,4,4,4,4,4,sad
1557649048.62947,3.599838,1.240951,1.752056,0.677367,0.592099,2.864932,0.756921,2.237736,0.539179,0.463301,5.072308,2.058034,0.754883,0.681914,0.254316,1.527862,1.480304,0.330007,0.412545,0.24355,6.365266,0.987053,0.651092,1.719513,0.489447,4,4,4,4,4,sad
1557649048.75563,4.38945,1.81021,1.852415,0.719816,0.566857,3.580651,0.83439,2.294299,0.495134,0.431434,6.140383,1.696572,0.749801,0.581871,0.270311,1.646114,1.438427,0.382306,0.436727,0.221411,8.042988,1.296685,0.843525,1.694597,0.493019,4,4,4,4,4,sad
1557649048.88179,5.614026,2.506788,1.974532,0.796883,0.518871,4.41353,0.971764,2.29579,0.482536,0.406246,7.153065,1.529823,0.735196,0.543699,0.306047,1.701625,1.397003,0.41658,0.459228,0.200939,10.150486,1.795806,1.109989,1.642274,0.491056,4,4,4,4,4,sad
1557649049.00775,7.235104,3.154744,2.077546,0.933606,0.45877,5.081618,1.147274,2.242676,0.517229,0.396726,7.751821,1.463106,0.704365,0.573448,0.357094,1.664497,1.353243,0.433801,0.481105,0.184837,12.183585,2.36694,1.435317,1.596423,0.484309,4,4,4,4,4,sad
1557649049.13391,9.000704,3.578173,2.164592,1.143415,0.402426,5.39752,1.317199,2.145465,0.600005,0.401529,7.858664,1.44281,0.669907,0.662777,0.412656,1.533098,1.282789,0.449807,0.507155,0.174118,13.721851,2.836358,1.788462,1.598453,0.478868,4,4,4,4,4,sad
1557649049.25987,10.469064,3.705508,2.251552,1.406119,0.36639,5.306474,1.434404,2.017665,0.71164,0.41009,7.364072,1.459696,0.659028,0.794157,0.457109,1.337774,1.155509,0.481241,0.539693,0.168907,14.259716,3.055424,2.132783,1.672958,0.483265,4,4,4,4,4,sad
1557649049.38583,11.18633,3.605456,2.34769,1.653312,0.360366,4.786935,1.47814,1.878894,0.814313,0.409634,6.426809,1.529855,0.693954,0.948254,0.475912,1.116386,0.968468,0.530906,0.574685,0.169736,13.614297,2.983587,2.429433,1.799776,0.501591,4,4,4,4,4,sad
1557649049.51199,10.861855,3.405981,2.418569,1.798438,0.381249,4.035313,1.440083,1.738038,0.87132,0.393057,5.249044,1.649722,0.782094,1.103591,0.464917,0.898406,0.744794,0.581824,0.603415,0.178083,11.848247,2.664703,2.626397,1.917331,0.528489,4,4,4,4,4,sad
1557649049.63795,9.512411,3.232871,2.402907,1.783491,0.416742,3.161832,1.330573,1.594039,0.868584,0.36422,4.166443,1.773348,0.910477,1.245855,0.436627,0.714303,0.52836,0.606946,0.621652,0.196283,9.34884,2.217264,2.68375,1.961784,0.552728,4,4,4,4,4,sad
1557649049.76422,7.548281,3.17376,2.25715,1.608998,0.454263,2.38839,1.193558,1.448336,0.816726,0.335515,3.383737,1.827614,1.043119,1.355804,0.413919,0.600793,0.354569,0.586301,0.630856,0.227807,6.682661,1.78644,2.59726,1.902599,0.565206,4,4,4,4,4,sad
1557649049.89018,5.524399,3.230603,1.969151,1.332416,0.486648,1.840974,1.067091,1.293993,0.738716,0.322682,2.932306,1.738904,1.133362,1.40979,0.416008,0.576235,0.237317,0.519347,0.639189,0.273801,4.339129,1.471225,2.385098,1.755634,0.56365,4,4,4,4,4,sad
1557649050.01634,3.957299,3.356487,1.570729,1.038292,0.511285,1.624175,0.965865,1.123373,0.666554,0.336792,2.70813,1.499277,1.147092,1.394867,0.45088,0.629801,0.177385,0.432286,0.654089,0.329485,2.669176,1.303078,2.076373,1.576787,0.549779,4,4,4,4,4,sad
1557649050.1426,3.048149,3.483979,1.142166,0.810877,0.528602,1.706342,0.885941,0.940549,0.636467,0.379099,2.586691,1.190956,1.066874,1.320054,0.514566,0.724249,0.171045,0.363627,0.676387,0.382288,1.710135,1.250136,1.713557,1.441747,0.528683,4,4,4,4,4,sad
1557649050.26886,2.765849,3.535833,0.781045,0.700171,0.538799,2.014129,0.813816,0.766497,0.667463,0.437922,2.490209,0.97719,0.913434,1.212092,0.592294,0.814913,0.215032,0.348765,0.701274,0.416094,1.405157,1.279168,1.347369,1.403263,0.504684,4,4,4,4,4,sad
1557649050.39482,2.817897,3.45553,0.555518,0.697174,0.54052,2.376214,0.738981,0.623266,0.745184,0.494451,2.38143,1.033592,0.740094,1.0936,0.66307,0.869863,0.298975,0.399472,0.718516,0.418615,1.55435,1.397028,1.028641,1.450328,0.479323,4,4,4,4,4,sad
1557649050.52078,2.935254,3.206184,0.468127,0.751644,0.532653,2.674234,0.654556,0.526716,0.827392,0.531593,2.200688,1.440845,0.609219,0.976048,0.708829,0.862163,0.401117,0.497389,0.719422,0.387475,1.936818,1.590097,0.794421,1.51708,0.454287,4,4,4,4,4,sad
1557649050.64674,2.928665,2.787728,0.472127,0.806815,0.517065,2.820851,0.573296,0.489061,0.868006,0.542945,2.002636,2.114876,0.575735,0.864808,0.721643,0.79319,0.495347,0.60278,0.70074,0.333009,2.300336,1.830758,0.659657,1.526135,0.434592,4,4,4,4,4,sad
1557649050.77291,2.837749,2.269487,0.510433,0.829794,0.498923,2.858311,0.519983,0.516838,0.842234,0.533422,1.880865,2.854175,0.669727,0.764595,0.708121,0.688447,0.56448,0.673711,0.663919,0.274094,2.574153,2.089119,0.602849,1.434353,0.426847,4,4,4,4,4,sad
1557649050.89887,2.66473,1.739586,0.550703,0.806627,0.48557,2.820197,0.523976,0.606053,0.749388,0.51289,1.930666,3.422341,0.870371,0.679527,0.680956,0.587791,0.597626,0.684347,0.616282,0.229528,2.678002,2.303995,0.576706,1.242179,0.435489,4,4,4,4,4,sad
1557649051.02493,2.451392,1.269596,0.583293,0.747208,0.484196,2.750364,0.604071,0.738701,0.614601,0.492178,2.120434,3.661847,1.12071,0.613929,0.651242,0.520187,0.593462,0.63397,0.568244,0.20999,2.688435,2.385768,0.546241,0.995149,0.458282,4,4,4,4,4,sad
1557649051.15109,2.190314,0.907662,0.61404,0.679696,0.499018,2.625552,0.753765,0.891105,0.483926,0.47891,2.44587,3.585958,1.366813,0.575054,0.625226,0.485499,0.557433,0.544763,0.529435,0.215643,2.657781,2.282946,0.516924,0.75877,0.489003,4,4,4,4,4,sad
1557649051.27735,1.909869,0.660351,0.669379,0.640938,0.529784,2.42215,0.942684,1.051508,0.404907,0.476744,2.757667,3.3543,1.583731,0.559325,0.60361,0.47042,0.503663,0.456103,0.506151,0.236821,2.711464,2.003213,0.534472,0.585485,0.520618,4,4,4,4,4,sad
1557649051.40331,1.609186,0.522896,0.777659,0.665717,0.569721,2.118922,1.137785,1.221234,0.407481,0.483658,2.951331,3.280229,1.792924,0.550743,0.58458,0.45843,0.454198,0.404359,0.500703,0.260487,2.86432,1.627157,0.67486,0.499779,0.548472,4,4,4,4,4,sad
1557649051.52937,1.360041,0.486975,0.956786,0.770607,0.608012,1.727061,1.319344,1.396197,0.489821,0.493297,2.999231,3.654709,2.05074,0.532792,0.564788,0.446718,0.428557,0.409454,0.513592,0.278327,3.104287,1.291938,0.99732,0.497721,0.571181,4,4,4,4,4,sad
1557649051.65553,1.268622,0.539148,1.203826,0.943469,0.636104,1.328683,1.463183,1.55948,0.618698,0.500633,2.91238,4.566039,2.399249,0.496513,0.541904,0.455256,0.440788,0.472367,0.5448,0.290145,3.389349,1.139543,1.491785,0.55525,0.588641,4,4,4,4,4,sad
1557649051.7816,1.408115,0.653719,1.483811,1.144774,0.647229,0.991622,1.539923,1.676394,0.749349,0.505706,2.729322,5.841286,2.807666,0.447752,0.517443,0.50832,0.492652,0.578822,0.588424,0.297171,3.583246,1.221401,2.055983,0.640253,0.598197,4,4,4,4,4,sad
